Workbook

Sheet 메인표지
A12: 건설안전기술사 과년도 출제문제 분석
H14: (106회~137회)

Sheet 집계 및 분석
A1: □ 최근 건설안전기술사 과년도 출제 분석(106회~137회) | O1: =E3
A2: NO | B2: 분류 | C2: 합계 | F2: 137 | G2: 136 | H2: 135 | I2: 134 | J2: 133 | K2: 132 | L2: 131 | M2: 130 | N2: 129 | O2: 128 | P2: 127 | Q2: 126 | R2: 125 | S2: 124 | T2: 123 | U2: 122 | V2: 121 | W2: 120 | X2: 119 | Y2: 118 | Z2: 117 | AA2: 116 | AB2: 115 | AC2: 114 | AD2: 113 | AE2: 112 | AF2: 111 | AG2: 110 | AH2: 109 | AI2: 108 | AJ2: 107 | AK2: 106 | AL2: 비고
A3: 1 | B3: 산업안전보건법 | C3: =SUM(E3:AK3) | F3: =COUNTIFS(과년도모음!$B:$B,F$2,과년도모음!$E:$E,"산안법") | G3: =COUNTIFS(과년도모음!$B:$B,G$2,과년도모음!$E:$E,"산안법") | H3: =COUNTIFS(과년도모음!$B:$B,H$2,과년도모음!$E:$E,"산안법") | I3: =COUNTIFS(과년도모음!$B:$B,I$2,과년도모음!$E:$E,"산안법") | J3: =COUNTIFS(과년도모음!$B:$B,J$2,과년도모음!$E:$E,"산안법") | K3: =COUNTIFS(과년도모음!$B:$B,K$2,과년도모음!$E:$E,"산안법") | L3: =COUNTIFS(과년도모음!$B$1:$B$1024,L$2,과년도모음!$E$1:$E$1024,"산안법") | M3: =COUNTIFS(과년도모음!$B$1:$B$1024,M$2,과년도모음!$E$1:$E$1024,"산안법") | N3: =COUNTIFS(과년도모음!$B$281:$B$1024,N$2,과년도모음!$E$281:$E$1024,"산안법") | O3: =COUNTIFS(과년도모음!$B$312:$B$1024,O$2,과년도모음!$E$312:$E$1024,"산안법") | P3: =COUNTIFS(과년도모음!$B$343:$B$1024,P$2,과년도모음!$E$343:$E$1024,"산안법") | Q3: =COUNTIFS(과년도모음!$B$343:$B$1024,Q$2,과년도모음!$E$343:$E$1024,"산안법") | R3: =COUNTIFS(과년도모음!$B$343:$B$1024,R$2,과년도모음!$E$343:$E$1024,"산안법") | S3: =COUNTIFS(과년도모음!$B$343:$B$1024,S$2,과년도모음!$E$343:$E$1024,"산안법") | T3: =COUNTIFS(과년도모음!$B$343:$B$1024,T$2,과년도모음!$E$343:$E$1024,"산안법") | U3: =COUNTIFS(과년도모음!$B$343:$B$1024,U$2,과년도모음!$E$343:$E$1024,"산안법") | V3: =COUNTIFS(과년도모음!$B$343:$B$1024,V$2,과년도모음!$E$343:$E$1024,"산안법") | W3: =COUNTIFS(과년도모음!$B$343:$B$1024,W$2,과년도모음!$E$343:$E$1024,"산안법") | ... AK3: =COUNTIFS(과년도모음!$B$343:$B$1024,AK$2,과년도모음!$E$343:$E$1024,"산안법")
A4: 2 | B4: 건설기술진흥법 | C4: =SUM(E4:AK4) | F4: =COUNTIFS(과년도모음!$B$1:$B$1024,F$2,과년도모음!$E$1:$E$1024,"건진법") | G4: =COUNTIFS(과년도모음!$B$1:$B$1024,G$2,과년도모음!$E$1:$E$1024,"건진법") | H4: =COUNTIFS(과년도모음!$B$1:$B$1024,H$2,과년도모음!$E$1:$E$1024,"건진법") | I4: =COUNTIFS(과년도모음!$B$1:$B$1024,I$2,과년도모음!$E$1:$E$1024,"건진법") | J4: =COUNTIFS(과년도모음!$B$1:$B$1024,J$2,과년도모음!$E$1:$E$1024,"건진법") | K4: =COUNTIFS(과년도모음!$B$1:$B$1024,K$2,과년도모음!$E$1:$E$1024,"건진법") | L4: =COUNTIFS(과년도모음!$B$1:$B$1024,L$2,과년도모음!$E$1:$E$1024,"건진법") | M4: =COUNTIFS(과년도모음!$B$1:$B$1024,M$2,과년도모음!$E$1:$E$1024,"건진법") | N4: =COUNTIFS(과년도모음!$B$281:$B$1024,N$2,과년도모음!$E$281:$E$1024,"건진법") | O4: =COUNTIFS(과년도모음!$B$312:$B$1024,O$2,과년도모음!$E$312:$E$1024,"건진법") | P4: =COUNTIFS(과년도모음!$B$343:$B$1024,P$2,과년도모음!$E$343:$E$1024,"건진법") | Q4: =COUNTIFS(과년도모음!$B$343:$B$1024,Q$2,과년도모음!$E$343:$E$1024,"건진법") | R4: =COUNTIFS(과년도모음!$B$343:$B$1024,R$2,과년도모음!$E$343:$E$1024,"건진법") | S4: =COUNTIFS(과년도모음!$B$343:$B$1024,S$2,과년도모음!$E$343:$E$1024,"건진법") | T4: =COUNTIFS(과년도모음!$B$343:$B$1024,T$2,과년도모음!$E$343:$E$1024,"건진법") | U4: =COUNTIFS(과년도모음!$B$343:$B$1024,U$2,과년도모음!$E$343:$E$1024,"건진법") | V4: =COUNTIFS(과년도모음!$B$343:$B$1024,V$2,과년도모음!$E$343:$E$1024,"건진법") | W4: =COUNTIFS(과년도모음!$B$343:$B$1024,W$2,과년도모음!$E$343:$E$1024,"건진법") | ... AK4: =COUNTIFS(과년도모음!$B$343:$B$1024,AK$2,과년도모음!$E$343:$E$1024,"건진법")
A5: 3 | B5: 시설물안전법 | C5: =SUM(E5:AK5) | F5: =COUNTIFS(과년도모음!$B$1:$B$1024,F$2,과년도모음!$E$1:$E$1024,"시설물안전법") | G5: =COUNTIFS(과년도모음!$B$1:$B$1024,G$2,과년도모음!$E$1:$E$1024,"시설물안전법") | H5: =COUNTIFS(과년도모음!$B$1:$B$1024,H$2,과년도모음!$E$1:$E$1024,"시설물안전법") | I5: =COUNTIFS(과년도모음!$B$1:$B$1024,I$2,과년도모음!$E$1:$E$1024,"시설물안전법") | J5: =COUNTIFS(과년도모음!$B$1:$B$1024,J$2,과년도모음!$E$1:$E$1024,"시설물안전법") | K5: =COUNTIFS(과년도모음!$B$1:$B$1024,K$2,과년도모음!$E$1:$E$1024,"시설물안전법") | L5: =COUNTIFS(과년도모음!$B$1:$B$1024,L$2,과년도모음!$E$1:$E$1024,"시설물안전법") | M5: =COUNTIFS(과년도모음!$B$1:$B$1024,M$2,과년도모음!$E$1:$E$1024,"시설물안전법") | N5: =COUNTIFS(과년도모음!$B$281:$B$1024,N$2,과년도모음!$E$281:$E$1024,"시설물안전법") | O5: =COUNTIFS(과년도모음!$B$312:$B$1024,O$2,과년도모음!$E$312:$E$1024,"시설물안전법") | P5: =COUNTIFS(과년도모음!$B$343:$B$1024,P$2,과년도모음!$E$343:$E$1024,"시설물안전법") | Q5: =COUNTIFS(과년도모음!$B$343:$B$1024,Q$2,과년도모음!$E$343:$E$1024,"시설물안전법") | R5: =COUNTIFS(과년도모음!$B$343:$B$1024,R$2,과년도모음!$E$343:$E$1024,"시설물안전법") | S5: =COUNTIFS(과년도모음!$B$343:$B$1024,S$2,과년도모음!$E$343:$E$1024,"시설물안전법") | T5: =COUNTIFS(과년도모음!$B$343:$B$1024,T$2,과년도모음!$E$343:$E$1024,"시설물안전법") | U5: =COUNTIFS(과년도모음!$B$343:$B$1024,U$2,과년도모음!$E$343:$E$1024,"시설물안전법") | V5: =COUNTIFS(과년도모음!$B$343:$B$1024,V$2,과년도모음!$E$343:$E$1024,"시설물안전법") | W5: =COUNTIFS(과년도모음!$B$343:$B$1024,W$2,과년도모음!$E$343:$E$1024,"시설물안전법") | ... AK5: =COUNTIFS(과년도모음!$B$343:$B$1024,AK$2,과년도모음!$E$343:$E$1024,"시설물안전법")
A6: 4 | B6: 중대재해처벌법 | C6: =SUM(E6:AK6) | F6: =COUNTIFS(과년도모음!$B$1:$B$1024,F$2,과년도모음!$E$1:$E$1024,"중대재해처벌법") | G6: =COUNTIFS(과년도모음!$B$1:$B$1024,G$2,과년도모음!$E$1:$E$1024,"중대재해처벌법") | H6: =COUNTIFS(과년도모음!$B$1:$B$1024,H$2,과년도모음!$E$1:$E$1024,"중대재해처벌법") | I6: =COUNTIFS(과년도모음!$B$1:$B$1024,I$2,과년도모음!$E$1:$E$1024,"중대재해처벌법") | J6: =COUNTIFS(과년도모음!$B$1:$B$1024,J$2,과년도모음!$E$1:$E$1024,"중대재해처벌법") | K6: =COUNTIFS(과년도모음!$B$1:$B$1024,K$2,과년도모음!$E$1:$E$1024,"중대재해처벌법") | L6: =COUNTIFS(과년도모음!$B$1:$B$1024,L$2,과년도모음!$E$1:$E$1024,"중대재해처벌법") | M6: =COUNTIFS(과년도모음!$B$1:$B$1024,M$2,과년도모음!$E$1:$E$1024,"중대재해처벌법") | N6: =COUNTIFS(과년도모음!$B$281:$B$1024,N$2,과년도모음!$E$281:$E$1024,"중대재해처벌법") | O6: =COUNTIFS(과년도모음!$B$312:$B$1024,O$2,과년도모음!$E$312:$E$1024,"중대재해처벌법") | P6: =COUNTIFS(과년도모음!$B$343:$B$1024,P$2,과년도모음!$E$343:$E$1024,"중대재해처벌법") | Q6: =COUNTIFS(과년도모음!$B$343:$B$1024,Q$2,과년도모음!$E$343:$E$1024,"중대재해처벌법") | R6: =COUNTIFS(과년도모음!$B$343:$B$1024,R$2,과년도모음!$E$343:$E$1024,"중대재해처벌법") | S6: =COUNTIFS(과년도모음!$B$343:$B$1024,S$2,과년도모음!$E$343:$E$1024,"중대재해처벌법") | T6: =COUNTIFS(과년도모음!$B$343:$B$1024,T$2,과년도모음!$E$343:$E$1024,"중대재해처벌법") | U6: =COUNTIFS(과년도모음!$B$343:$B$1024,U$2,과년도모음!$E$343:$E$1024,"중대재해처벌법") | V6: =COUNTIFS(과년도모음!$B$343:$B$1024,V$2,과년도모음!$E$343:$E$1024,"중대재해처벌법") | W6: =COUNTIFS(과년도모음!$B$343:$B$1024,W$2,과년도모음!$E$343:$E$1024,"중대재해처벌법") | ... AK6: =COUNTIFS(과년도모음!$B$343:$B$1024,AK$2,과년도모음!$E$343:$E$1024,"중대재해처벌법")
A7: 5 | B7: 지특법 | C7: =SUM(E7:AK7) | F7: =COUNTIFS(과년도모음!$B$1:$B$1024,F$2,과년도모음!$E$1:$E$1024,"지특법") | G7: =COUNTIFS(과년도모음!$B$1:$B$1024,G$2,과년도모음!$E$1:$E$1024,"지특법") | H7: =COUNTIFS(과년도모음!$B$1:$B$1024,H$2,과년도모음!$E$1:$E$1024,"지특법") | I7: =COUNTIFS(과년도모음!$B$1:$B$1024,I$2,과년도모음!$E$1:$E$1024,"지특법") | J7: =COUNTIFS(과년도모음!$B$1:$B$1024,J$2,과년도모음!$E$1:$E$1024,"지특법") | K7: =COUNTIFS(과년도모음!$B$1:$B$1024,K$2,과년도모음!$E$1:$E$1024,"지특법") | L7: =COUNTIFS(과년도모음!$B$1:$B$1024,L$2,과년도모음!$E$1:$E$1024,"지특법") | M7: =COUNTIFS(과년도모음!$B$1:$B$1024,M$2,과년도모음!$E$1:$E$1024,"지특법") | N7: =COUNTIFS(과년도모음!$B$281:$B$1024,N$2,과년도모음!$E$281:$E$1024,"지특법") | O7: =COUNTIFS(과년도모음!$B$312:$B$1024,O$2,과년도모음!$E$312:$E$1024,"지특법") | P7: =COUNTIFS(과년도모음!$B$343:$B$1024,P$2,과년도모음!$E$343:$E$1024,"지특법") | Q7: =COUNTIFS(과년도모음!$B$343:$B$1024,Q$2,과년도모음!$E$343:$E$1024,"지특법") | R7: =COUNTIFS(과년도모음!$B$343:$B$1024,R$2,과년도모음!$E$343:$E$1024,"지특법") | S7: =COUNTIFS(과년도모음!$B$343:$B$1024,S$2,과년도모음!$E$343:$E$1024,"지특법") | T7: =COUNTIFS(과년도모음!$B$343:$B$1024,T$2,과년도모음!$E$343:$E$1024,"지특법") | U7: =COUNTIFS(과년도모음!$B$343:$B$1024,U$2,과년도모음!$E$343:$E$1024,"지특법") | V7: =COUNTIFS(과년도모음!$B$343:$B$1024,V$2,과년도모음!$E$343:$E$1024,"지특법") | W7: =COUNTIFS(과년도모음!$B$343:$B$1024,W$2,과년도모음!$E$343:$E$1024,"지특법") | ... AK7: =COUNTIFS(과년도모음!$B$343:$B$1024,AK$2,과년도모음!$E$343:$E$1024,"지특법")
A8: 6 | B8: 가설공사 | C8: =SUM(E8:AK8) | F8: =COUNTIFS(과년도모음!$B$1:$B$1024,F$2,과년도모음!$E$1:$E$1024,"가설공사") | G8: =COUNTIFS(과년도모음!$B$1:$B$1024,G$2,과년도모음!$E$1:$E$1024,"가설공사") | H8: =COUNTIFS(과년도모음!$B$1:$B$1024,H$2,과년도모음!$E$1:$E$1024,"가설공사") | I8: =COUNTIFS(과년도모음!$B$1:$B$1024,I$2,과년도모음!$E$1:$E$1024,"가설공사") | J8: =COUNTIFS(과년도모음!$B$1:$B$1024,J$2,과년도모음!$E$1:$E$1024,"가설공사") | K8: =COUNTIFS(과년도모음!$B$1:$B$1024,K$2,과년도모음!$E$1:$E$1024,"가설공사") | L8: =COUNTIFS(과년도모음!$B$1:$B$1024,L$2,과년도모음!$E$1:$E$1024,"가설공사") | M8: =COUNTIFS(과년도모음!$B$1:$B$1024,M$2,과년도모음!$E$1:$E$1024,"가설공사") | N8: =COUNTIFS(과년도모음!$B$281:$B$1024,N$2,과년도모음!$E$281:$E$1024,"가설공사") | O8: =COUNTIFS(과년도모음!$B$312:$B$1024,O$2,과년도모음!$E$312:$E$1024,"가설공사") | P8: =COUNTIFS(과년도모음!$B$343:$B$1024,P$2,과년도모음!$E$343:$E$1024,"가설공사") | Q8: =COUNTIFS(과년도모음!$B$343:$B$1024,Q$2,과년도모음!$E$343:$E$1024,"가설공사") | R8: =COUNTIFS(과년도모음!$B$343:$B$1024,R$2,과년도모음!$E$343:$E$1024,"가설공사") | S8: =COUNTIFS(과년도모음!$B$343:$B$1024,S$2,과년도모음!$E$343:$E$1024,"가설공사") | T8: =COUNTIFS(과년도모음!$B$343:$B$1024,T$2,과년도모음!$E$343:$E$1024,"가설공사") | U8: =COUNTIFS(과년도모음!$B$343:$B$1024,U$2,과년도모음!$E$343:$E$1024,"가설공사") | V8: =COUNTIFS(과년도모음!$B$343:$B$1024,V$2,과년도모음!$E$343:$E$1024,"가설공사") | W8: =COUNTIFS(과년도모음!$B$343:$B$1024,W$2,과년도모음!$E$343:$E$1024,"가설공사") | ... AK8: =COUNTIFS(과년도모음!$B$343:$B$1024,AK$2,과년도모음!$E$343:$E$1024,"가설공사")
A9: 7 | B9: 건설기계 | C9: =SUM(E9:AK9) | F9: =COUNTIFS(과년도모음!$B$1:$B$1024,F$2,과년도모음!$E$1:$E$1024,"건설기계") | G9: =COUNTIFS(과년도모음!$B$1:$B$1024,G$2,과년도모음!$E$1:$E$1024,"건설기계") | H9: =COUNTIFS(과년도모음!$B$1:$B$1024,H$2,과년도모음!$E$1:$E$1024,"건설기계") | I9: =COUNTIFS(과년도모음!$B$1:$B$1024,I$2,과년도모음!$E$1:$E$1024,"건설기계") | J9: =COUNTIFS(과년도모음!$B$1:$B$1024,J$2,과년도모음!$E$1:$E$1024,"건설기계") | K9: =COUNTIFS(과년도모음!$B$1:$B$1024,K$2,과년도모음!$E$1:$E$1024,"건설기계") | L9: =COUNTIFS(과년도모음!$B$1:$B$1024,L$2,과년도모음!$E$1:$E$1024,"건설기계") | M9: =COUNTIFS(과년도모음!$B$1:$B$1024,M$2,과년도모음!$E$1:$E$1024,"건설기계") | N9: =COUNTIFS(과년도모음!$B$281:$B$1024,N$2,과년도모음!$E$281:$E$1024,"건설기계") | O9: =COUNTIFS(과년도모음!$B$312:$B$1024,O$2,과년도모음!$E$312:$E$1024,"건설기계") | P9: =COUNTIFS(과년도모음!$B$343:$B$1024,P$2,과년도모음!$E$343:$E$1024,"건설기계") | Q9: =COUNTIFS(과년도모음!$B$343:$B$1024,Q$2,과년도모음!$E$343:$E$1024,"건설기계") | R9: =COUNTIFS(과년도모음!$B$343:$B$1024,R$2,과년도모음!$E$343:$E$1024,"건설기계") | S9: =COUNTIFS(과년도모음!$B$343:$B$1024,S$2,과년도모음!$E$343:$E$1024,"건설기계") | T9: =COUNTIFS(과년도모음!$B$343:$B$1024,T$2,과년도모음!$E$343:$E$1024,"건설기계") | U9: =COUNTIFS(과년도모음!$B$343:$B$1024,U$2,과년도모음!$E$343:$E$1024,"건설기계") | V9: =COUNTIFS(과년도모음!$B$343:$B$1024,V$2,과년도모음!$E$343:$E$1024,"건설기계") | W9: =COUNTIFS(과년도모음!$B$343:$B$1024,W$2,과년도모음!$E$343:$E$1024,"건설기계") | ... AK9: =COUNTIFS(과년도모음!$B$343:$B$1024,AK$2,과년도모음!$E$343:$E$1024,"건설기계")
A10: 8 | B10: 안전관리론 | C10: =SUM(E10:AK10) | F10: =COUNTIFS(과년도모음!$B$1:$B$1024,F$2,과년도모음!$E$1:$E$1024,"안전관리론") | G10: =COUNTIFS(과년도모음!$B$1:$B$1024,G$2,과년도모음!$E$1:$E$1024,"안전관리론") | H10: =COUNTIFS(과년도모음!$B$1:$B$1024,H$2,과년도모음!$E$1:$E$1024,"안전관리론") | I10: =COUNTIFS(과년도모음!$B$1:$B$1024,I$2,과년도모음!$E$1:$E$1024,"안전관리론") | J10: =COUNTIFS(과년도모음!$B$1:$B$1024,J$2,과년도모음!$E$1:$E$1024,"안전관리론") | K10: =COUNTIFS(과년도모음!$B$1:$B$1024,K$2,과년도모음!$E$1:$E$1024,"안전관리론") | L10: =COUNTIFS(과년도모음!$B$1:$B$1024,L$2,과년도모음!$E$1:$E$1024,"안전관리론") | M10: =COUNTIFS(과년도모음!$B$1:$B$1024,M$2,과년도모음!$E$1:$E$1024,"안전관리론") | N10: =COUNTIFS(과년도모음!$B$281:$B$1024,N$2,과년도모음!$E$281:$E$1024,"안전관리론") | O10: =COUNTIFS(과년도모음!$B$312:$B$1024,O$2,과년도모음!$E$312:$E$1024,"안전관리론") | P10: =COUNTIFS(과년도모음!$B$343:$B$1024,P$2,과년도모음!$E$343:$E$1024,"안전관리론") | Q10: =COUNTIFS(과년도모음!$B$343:$B$1024,Q$2,과년도모음!$E$343:$E$1024,"안전관리론") | R10: =COUNTIFS(과년도모음!$B$343:$B$1024,R$2,과년도모음!$E$343:$E$1024,"안전관리론") | S10: =COUNTIFS(과년도모음!$B$343:$B$1024,S$2,과년도모음!$E$343:$E$1024,"안전관리론") | T10: =COUNTIFS(과년도모음!$B$343:$B$1024,T$2,과년도모음!$E$343:$E$1024,"안전관리론") | U10: =COUNTIFS(과년도모음!$B$343:$B$1024,U$2,과년도모음!$E$343:$E$1024,"안전관리론") | V10: =COUNTIFS(과년도모음!$B$343:$B$1024,V$2,과년도모음!$E$343:$E$1024,"안전관리론") | W10: =COUNTIFS(과년도모음!$B$343:$B$1024,W$2,과년도모음!$E$343:$E$1024,"안전관리론") | ... AK10: =COUNTIFS(과년도모음!$B$343:$B$1024,AK$2,과년도모음!$E$343:$E$1024,"안전관리론")
A11: 9 | B11: 재해유형 | C11: =SUM(E11:AK11) | F11: =COUNTIFS(과년도모음!$B$1:$B$1024,F$2,과년도모음!$E$1:$E$1024,"재해유형") | G11: =COUNTIFS(과년도모음!$B$1:$B$1024,G$2,과년도모음!$E$1:$E$1024,"재해유형") | H11: =COUNTIFS(과년도모음!$B$1:$B$1024,H$2,과년도모음!$E$1:$E$1024,"재해유형") | I11: =COUNTIFS(과년도모음!$B$1:$B$1024,I$2,과년도모음!$E$1:$E$1024,"재해유형") | J11: =COUNTIFS(과년도모음!$B$1:$B$1024,J$2,과년도모음!$E$1:$E$1024,"재해유형") | K11: =COUNTIFS(과년도모음!$B$1:$B$1024,K$2,과년도모음!$E$1:$E$1024,"재해유형") | L11: =COUNTIFS(과년도모음!$B$1:$B$1024,L$2,과년도모음!$E$1:$E$1024,"재해유형") | M11: =COUNTIFS(과년도모음!$B$1:$B$1024,M$2,과년도모음!$E$1:$E$1024,"재해유형") | N11: =COUNTIFS(과년도모음!$B$281:$B$1024,N$2,과년도모음!$E$281:$E$1024,"재해유형") | O11: =COUNTIFS(과년도모음!$B$312:$B$1024,O$2,과년도모음!$E$312:$E$1024,"재해유형") | P11: =COUNTIFS(과년도모음!$B$343:$B$1024,P$2,과년도모음!$E$343:$E$1024,"재해유형") | Q11: =COUNTIFS(과년도모음!$B$343:$B$1024,Q$2,과년도모음!$E$343:$E$1024,"재해유형") | R11: =COUNTIFS(과년도모음!$B$343:$B$1024,R$2,과년도모음!$E$343:$E$1024,"재해유형") | S11: =COUNTIFS(과년도모음!$B$343:$B$1024,S$2,과년도모음!$E$343:$E$1024,"재해유형") | T11: =COUNTIFS(과년도모음!$B$343:$B$1024,T$2,과년도모음!$E$343:$E$1024,"재해유형") | U11: =COUNTIFS(과년도모음!$B$343:$B$1024,U$2,과년도모음!$E$343:$E$1024,"재해유형") | V11: =COUNTIFS(과년도모음!$B$343:$B$1024,V$2,과년도모음!$E$343:$E$1024,"재해유형") | W11: =COUNTIFS(과년도모음!$B$343:$B$1024,W$2,과년도모음!$E$343:$E$1024,"재해유형") | ... AK11: =COUNTIFS(과년도모음!$B$343:$B$1024,AK$2,과년도모음!$E$343:$E$1024,"재해유형")
A12: 10 | B12: 계절재해 | C12: =SUM(E12:AK12) | F12: =COUNTIFS(과년도모음!$B$1:$B$1024,F$2,과년도모음!$E$1:$E$1024,"계절재해") | G12: =COUNTIFS(과년도모음!$B$1:$B$1024,G$2,과년도모음!$E$1:$E$1024,"계절재해") | H12: =COUNTIFS(과년도모음!$B$1:$B$1024,H$2,과년도모음!$E$1:$E$1024,"계절재해") | I12: =COUNTIFS(과년도모음!$B$1:$B$1024,I$2,과년도모음!$E$1:$E$1024,"계절재해") | J12: =COUNTIFS(과년도모음!$B$1:$B$1024,J$2,과년도모음!$E$1:$E$1024,"계절재해") | K12: =COUNTIFS(과년도모음!$B$1:$B$1024,K$2,과년도모음!$E$1:$E$1024,"계절재해") | L12: =COUNTIFS(과년도모음!$B$1:$B$1024,L$2,과년도모음!$E$1:$E$1024,"계절재해") | M12: =COUNTIFS(과년도모음!$B$1:$B$1024,M$2,과년도모음!$E$1:$E$1024,"계절재해") | N12: =COUNTIFS(과년도모음!$B$281:$B$1024,N$2,과년도모음!$E$281:$E$1024,"계절재해") | O12: =COUNTIFS(과년도모음!$B$312:$B$1024,O$2,과년도모음!$E$312:$E$1024,"계절재해") | P12: =COUNTIFS(과년도모음!$B$343:$B$1024,P$2,과년도모음!$E$343:$E$1024,"계절재해") | Q12: =COUNTIFS(과년도모음!$B$343:$B$1024,Q$2,과년도모음!$E$343:$E$1024,"계절재해") | R12: =COUNTIFS(과년도모음!$B$343:$B$1024,R$2,과년도모음!$E$343:$E$1024,"계절재해") | S12: =COUNTIFS(과년도모음!$B$343:$B$1024,S$2,과년도모음!$E$343:$E$1024,"계절재해") | T12: =COUNTIFS(과년도모음!$B$343:$B$1024,T$2,과년도모음!$E$343:$E$1024,"계절재해") | U12: =COUNTIFS(과년도모음!$B$343:$B$1024,U$2,과년도모음!$E$343:$E$1024,"계절재해") | V12: =COUNTIFS(과년도모음!$B$343:$B$1024,V$2,과년도모음!$E$343:$E$1024,"계절재해") | W12: =COUNTIFS(과년도모음!$B$343:$B$1024,W$2,과년도모음!$E$343:$E$1024,"계절재해") | ... AK12: =COUNTIFS(과년도모음!$B$343:$B$1024,AK$2,과년도모음!$E$343:$E$1024,"계절재해")
A13: 11 | B13: 콘크리트(거푸집 동바리 철근 포함) | C13: =SUM(E13:AK13) | F13: =COUNTIFS(과년도모음!$B$1:$B$1024,F$2,과년도모음!$E$1:$E$1024,"콘크리트") | G13: =COUNTIFS(과년도모음!$B$1:$B$1024,G$2,과년도모음!$E$1:$E$1024,"콘크리트") | H13: =COUNTIFS(과년도모음!$B$1:$B$1024,H$2,과년도모음!$E$1:$E$1024,"콘크리트") | I13: =COUNTIFS(과년도모음!$B$1:$B$1024,I$2,과년도모음!$E$1:$E$1024,"콘크리트") | J13: =COUNTIFS(과년도모음!$B$1:$B$1024,J$2,과년도모음!$E$1:$E$1024,"콘크리트") | K13: =COUNTIFS(과년도모음!$B$1:$B$1024,K$2,과년도모음!$E$1:$E$1024,"콘크리트") | L13: =COUNTIFS(과년도모음!$B$1:$B$1024,L$2,과년도모음!$E$1:$E$1024,"콘크리트") | M13: =COUNTIFS(과년도모음!$B$1:$B$1024,M$2,과년도모음!$E$1:$E$1024,"콘크리트") | N13: =COUNTIFS(과년도모음!$B$281:$B$1024,N$2,과년도모음!$E$281:$E$1024,"콘크리트") | O13: =COUNTIFS(과년도모음!$B$312:$B$1024,O$2,과년도모음!$E$312:$E$1024,"콘크리트") | P13: =COUNTIFS(과년도모음!$B$343:$B$1024,P$2,과년도모음!$E$343:$E$1024,"콘크리트") | Q13: =COUNTIFS(과년도모음!$B$343:$B$1024,Q$2,과년도모음!$E$343:$E$1024,"콘크리트") | R13: =COUNTIFS(과년도모음!$B$343:$B$1024,R$2,과년도모음!$E$343:$E$1024,"콘크리트") | S13: =COUNTIFS(과년도모음!$B$343:$B$1024,S$2,과년도모음!$E$343:$E$1024,"콘크리트") | T13: =COUNTIFS(과년도모음!$B$343:$B$1024,T$2,과년도모음!$E$343:$E$1024,"콘크리트") | U13: =COUNTIFS(과년도모음!$B$343:$B$1024,U$2,과년도모음!$E$343:$E$1024,"콘크리트") | V13: =COUNTIFS(과년도모음!$B$343:$B$1024,V$2,과년도모음!$E$343:$E$1024,"콘크리트") | W13: =COUNTIFS(과년도모음!$B$343:$B$1024,W$2,과년도모음!$E$343:$E$1024,"콘크리트") | ... AK13: =COUNTIFS(과년도모음!$B$343:$B$1024,AK$2,과년도모음!$E$343:$E$1024,"콘크리트")
A14: 12 | B14: 토공 | C14: =SUM(E14:AK14) | F14: =COUNTIFS(과년도모음!$B$1:$B$1024,F$2,과년도모음!$E$1:$E$1024,"토공") | G14: =COUNTIFS(과년도모음!$B$1:$B$1024,G$2,과년도모음!$E$1:$E$1024,"토공") | H14: =COUNTIFS(과년도모음!$B$1:$B$1024,H$2,과년도모음!$E$1:$E$1024,"토공") | I14: =COUNTIFS(과년도모음!$B$1:$B$1024,I$2,과년도모음!$E$1:$E$1024,"토공") | J14: =COUNTIFS(과년도모음!$B$1:$B$1024,J$2,과년도모음!$E$1:$E$1024,"토공") | K14: =COUNTIFS(과년도모음!$B$1:$B$1024,K$2,과년도모음!$E$1:$E$1024,"토공") | L14: =COUNTIFS(과년도모음!$B$1:$B$1024,L$2,과년도모음!$E$1:$E$1024,"토공") | M14: =COUNTIFS(과년도모음!$B$1:$B$1024,M$2,과년도모음!$E$1:$E$1024,"토공") | N14: =COUNTIFS(과년도모음!$B$281:$B$1024,N$2,과년도모음!$E$281:$E$1024,"토공") | O14: =COUNTIFS(과년도모음!$B$312:$B$1024,O$2,과년도모음!$E$312:$E$1024,"토공") | P14: =COUNTIFS(과년도모음!$B$343:$B$1024,P$2,과년도모음!$E$343:$E$1024,"토공") | Q14: =COUNTIFS(과년도모음!$B$343:$B$1024,Q$2,과년도모음!$E$343:$E$1024,"토공") | R14: =COUNTIFS(과년도모음!$B$343:$B$1024,R$2,과년도모음!$E$343:$E$1024,"토공") | S14: =COUNTIFS(과년도모음!$B$343:$B$1024,S$2,과년도모음!$E$343:$E$1024,"토공") | T14: =COUNTIFS(과년도모음!$B$343:$B$1024,T$2,과년도모음!$E$343:$E$1024,"토공") | U14: =COUNTIFS(과년도모음!$B$343:$B$1024,U$2,과년도모음!$E$343:$E$1024,"토공") | V14: =COUNTIFS(과년도모음!$B$343:$B$1024,V$2,과년도모음!$E$343:$E$1024,"토공") | W14: =COUNTIFS(과년도모음!$B$343:$B$1024,W$2,과년도모음!$E$343:$E$1024,"토공") | ... AK14: =COUNTIFS(과년도모음!$B$343:$B$1024,AK$2,과년도모음!$E$343:$E$1024,"토공")
A15: 13 | B15: 기초 | C15: =SUM(E15:AK15) | F15: =COUNTIFS(과년도모음!$B$1:$B$1024,F$2,과년도모음!$E$1:$E$1024,"기초") | G15: =COUNTIFS(과년도모음!$B$1:$B$1024,G$2,과년도모음!$E$1:$E$1024,"기초") | H15: =COUNTIFS(과년도모음!$B$1:$B$1024,H$2,과년도모음!$E$1:$E$1024,"기초") | I15: =COUNTIFS(과년도모음!$B$1:$B$1024,I$2,과년도모음!$E$1:$E$1024,"기초") | J15: =COUNTIFS(과년도모음!$B$1:$B$1024,J$2,과년도모음!$E$1:$E$1024,"기초") | K15: =COUNTIFS(과년도모음!$B$1:$B$1024,K$2,과년도모음!$E$1:$E$1024,"기초") | L15: =COUNTIFS(과년도모음!$B$1:$B$1024,L$2,과년도모음!$E$1:$E$1024,"기초") | M15: =COUNTIFS(과년도모음!$B$1:$B$1024,M$2,과년도모음!$E$1:$E$1024,"기초") | N15: =COUNTIFS(과년도모음!$B$281:$B$1024,N$2,과년도모음!$E$281:$E$1024,"기초") | O15: =COUNTIFS(과년도모음!$B$312:$B$1024,O$2,과년도모음!$E$312:$E$1024,"기초") | P15: =COUNTIFS(과년도모음!$B$343:$B$1024,P$2,과년도모음!$E$343:$E$1024,"기초") | Q15: =COUNTIFS(과년도모음!$B$343:$B$1024,Q$2,과년도모음!$E$343:$E$1024,"기초") | R15: =COUNTIFS(과년도모음!$B$343:$B$1024,R$2,과년도모음!$E$343:$E$1024,"기초") | S15: =COUNTIFS(과년도모음!$B$343:$B$1024,S$2,과년도모음!$E$343:$E$1024,"기초") | T15: =COUNTIFS(과년도모음!$B$343:$B$1024,T$2,과년도모음!$E$343:$E$1024,"기초") | U15: =COUNTIFS(과년도모음!$B$343:$B$1024,U$2,과년도모음!$E$343:$E$1024,"기초") | V15: =COUNTIFS(과년도모음!$B$343:$B$1024,V$2,과년도모음!$E$343:$E$1024,"기초") | W15: =COUNTIFS(과년도모음!$B$343:$B$1024,W$2,과년도모음!$E$343:$E$1024,"기초") | ... AK15: =COUNTIFS(과년도모음!$B$343:$B$1024,AK$2,과년도모음!$E$343:$E$1024,"기초")
A16: 14 | B16: 강재 및 철골 | C16: =SUM(E16:AK16) | F16: =COUNTIFS(과년도모음!$B$1:$B$1024,F$2,과년도모음!$E$1:$E$1024,"강재")+COUNTIFS(과년도모음!$B$1:$B$1024,F2,과년도모음!$E$1:$E$1024,"철골") | G16: =COUNTIFS(과년도모음!$B$1:$B$1024,G$2,과년도모음!$E$1:$E$1024,"강재")+COUNTIFS(과년도모음!$B$1:$B$1024,G2,과년도모음!$E$1:$E$1024,"철골") | H16: =COUNTIFS(과년도모음!$B$1:$B$1024,H$2,과년도모음!$E$1:$E$1024,"강재")+COUNTIFS(과년도모음!$B$1:$B$1024,H2,과년도모음!$E$1:$E$1024,"철골") | I16: =COUNTIFS(과년도모음!$B$1:$B$1024,I$2,과년도모음!$E$1:$E$1024,"강재")+COUNTIFS(과년도모음!$B$1:$B$1024,I2,과년도모음!$E$1:$E$1024,"철골") | J16: =COUNTIFS(과년도모음!$B$1:$B$1024,J$2,과년도모음!$E$1:$E$1024,"강재")+COUNTIFS(과년도모음!$B$1:$B$1024,J2,과년도모음!$E$1:$E$1024,"철골") | K16: =COUNTIFS(과년도모음!$B$1:$B$1024,K$2,과년도모음!$E$1:$E$1024,"강재")+COUNTIFS(과년도모음!$B$1:$B$1024,K2,과년도모음!$E$1:$E$1024,"철골") | L16: =COUNTIFS(과년도모음!$B$1:$B$1024,L$2,과년도모음!$E$1:$E$1024,"강재")+COUNTIFS(과년도모음!$B$1:$B$1024,#REF!,과년도모음!$E$1:$E$1024,"철골") | M16: =COUNTIFS(과년도모음!$B$1:$B$1024,M$2,과년도모음!$E$1:$E$1024,"강재")+COUNTIFS(과년도모음!$B$1:$B$1024,#REF!,과년도모음!$E$1:$E$1024,"철골") | N16: =COUNTIFS(과년도모음!$B$281:$B$1024,N$2,과년도모음!$E$281:$E$1024,"강재")+COUNTIFS(과년도모음!$B$281:$B$1024,#REF!,과년도모음!$E$281:$E$1024,"철골") | O16: =COUNTIFS(과년도모음!$B$312:$B$1024,O$2,과년도모음!$E$312:$E$1024,"강재")+COUNTIFS(과년도모음!$B$312:$B$1024,#REF!,과년도모음!$E$312:$E$1024,"철골") | P16: =COUNTIFS(과년도모음!$B$343:$B$1024,P$2,과년도모음!$E$343:$E$1024,"강재")+COUNTIFS(과년도모음!$B$343:$B$1024,#REF!,과년도모음!$E$343:$E$1024,"철골") | Q16: =COUNTIFS(과년도모음!$B$343:$B$1024,Q$2,과년도모음!$E$343:$E$1024,"강재")+COUNTIFS(과년도모음!$B$343:$B$1024,#REF!,과년도모음!$E$343:$E$1024,"철골") | R16: =COUNTIFS(과년도모음!$B$343:$B$1024,R$2,과년도모음!$E$343:$E$1024,"강재")+COUNTIFS(과년도모음!$B$343:$B$1024,#REF!,과년도모음!$E$343:$E$1024,"철골") | S16: =COUNTIFS(과년도모음!$B$343:$B$1024,S$2,과년도모음!$E$343:$E$1024,"강재")+COUNTIFS(과년도모음!$B$343:$B$1024,S$2,과년도모음!$E$343:$E$1024,"철골") | T16: =COUNTIFS(과년도모음!$B$343:$B$1024,T$2,과년도모음!$E$343:$E$1024,"강재")+COUNTIFS(과년도모음!$B$343:$B$1024,T$2,과년도모음!$E$343:$E$1024,"철골") | U16: =COUNTIFS(과년도모음!$B$343:$B$1024,U$2,과년도모음!$E$343:$E$1024,"강재")+COUNTIFS(과년도모음!$B$343:$B$1024,U$2,과년도모음!$E$343:$E$1024,"철골") | V16: =COUNTIFS(과년도모음!$B$343:$B$1024,V$2,과년도모음!$E$343:$E$1024,"강재")+COUNTIFS(과년도모음!$B$343:$B$1024,V$2,과년도모음!$E$343:$E$1024,"철골") | W16: =COUNTIFS(과년도모음!$B$343:$B$1024,W$2,과년도모음!$E$343:$E$1024,"강재")+COUNTIFS(과년도모음!$B$343:$B$1024,W$2,과년도모음!$E$343:$E$1024,"철골") | X16: =COUNTIFS(과년도모음!$B$343:$B$1024,X$2,과년도모음!$E$343:$E$1024,"강재")+COUNTIFS(과년도모음!$B$343:$B$1024,X$2,과년도모음!$E$343:$E$1024,"철골") | Y16: =COUNTIFS(과년도모음!$B$343:$B$1024,Y$2,과년도모음!$E$343:$E$1024,"강재")+COUNTIFS(과년도모음!$B$343:$B$1024,Y$2,과년도모음!$E$343:$E$1024,"철골") | Z16: =COUNTIFS(과년도모음!$B$343:$B$1024,Z$2,과년도모음!$E$343:$E$1024,"강재")+COUNTIFS(과년도모음!$B$343:$B$1024,Z$2,과년도모음!$E$343:$E$1024,"철골") | ... AK16: =COUNTIFS(과년도모음!$B$343:$B$1024,AK$2,과년도모음!$E$343:$E$1024,"강재")+COUNTIFS(과년도모음!$B$343:$B$1024,AK$2,과년도모음!$E$343:$E$1024,"철골")
A17: 15 | B17: 교량 | C17: =SUM(E17:AK17) | F17: =COUNTIFS(과년도모음!$B$1:$B$1024,F$2,과년도모음!$E$1:$E$1024,"교량") | G17: =COUNTIFS(과년도모음!$B$1:$B$1024,G$2,과년도모음!$E$1:$E$1024,"교량") | H17: =COUNTIFS(과년도모음!$B$1:$B$1024,H$2,과년도모음!$E$1:$E$1024,"교량") | I17: =COUNTIFS(과년도모음!$B$1:$B$1024,I$2,과년도모음!$E$1:$E$1024,"교량") | J17: =COUNTIFS(과년도모음!$B$1:$B$1024,J$2,과년도모음!$E$1:$E$1024,"교량") | K17: =COUNTIFS(과년도모음!$B$1:$B$1024,K$2,과년도모음!$E$1:$E$1024,"교량") | L17: =COUNTIFS(과년도모음!$B$1:$B$1024,L$2,과년도모음!$E$1:$E$1024,"교량") | M17: =COUNTIFS(과년도모음!$B$1:$B$1024,M$2,과년도모음!$E$1:$E$1024,"교량") | N17: =COUNTIFS(과년도모음!$B$281:$B$1024,N$2,과년도모음!$E$281:$E$1024,"교량") | O17: =COUNTIFS(과년도모음!$B$312:$B$1024,O$2,과년도모음!$E$312:$E$1024,"교량") | P17: =COUNTIFS(과년도모음!$B$343:$B$1024,P$2,과년도모음!$E$343:$E$1024,"교량") | Q17: =COUNTIFS(과년도모음!$B$343:$B$1024,Q$2,과년도모음!$E$343:$E$1024,"교량") | R17: =COUNTIFS(과년도모음!$B$343:$B$1024,R$2,과년도모음!$E$343:$E$1024,"교량") | S17: =COUNTIFS(과년도모음!$B$343:$B$1024,S$2,과년도모음!$E$343:$E$1024,"교량") | T17: =COUNTIFS(과년도모음!$B$343:$B$1024,T$2,과년도모음!$E$343:$E$1024,"교량") | U17: =COUNTIFS(과년도모음!$B$343:$B$1024,U$2,과년도모음!$E$343:$E$1024,"교량") | V17: =COUNTIFS(과년도모음!$B$343:$B$1024,V$2,과년도모음!$E$343:$E$1024,"교량") | W17: =COUNTIFS(과년도모음!$B$343:$B$1024,W$2,과년도모음!$E$343:$E$1024,"교량") | ... AK17: =COUNTIFS(과년도모음!$B$343:$B$1024,AK$2,과년도모음!$E$343:$E$1024,"교량")
A18: 16 | B18: 터널 | C18: =SUM(E18:AK18) | F18: =COUNTIFS(과년도모음!$B$1:$B$1024,F$2,과년도모음!$E$1:$E$1024,"터널") | G18: =COUNTIFS(과년도모음!$B$1:$B$1024,G$2,과년도모음!$E$1:$E$1024,"터널") | H18: =COUNTIFS(과년도모음!$B$1:$B$1024,H$2,과년도모음!$E$1:$E$1024,"터널") | I18: =COUNTIFS(과년도모음!$B$1:$B$1024,I$2,과년도모음!$E$1:$E$1024,"터널") | J18: =COUNTIFS(과년도모음!$B$1:$B$1024,J$2,과년도모음!$E$1:$E$1024,"터널") | K18: =COUNTIFS(과년도모음!$B$1:$B$1024,K$2,과년도모음!$E$1:$E$1024,"터널") | L18: =COUNTIFS(과년도모음!$B$1:$B$1024,L$2,과년도모음!$E$1:$E$1024,"터널") | M18: =COUNTIFS(과년도모음!$B$1:$B$1024,M$2,과년도모음!$E$1:$E$1024,"터널") | N18: =COUNTIFS(과년도모음!$B$281:$B$1024,N$2,과년도모음!$E$281:$E$1024,"터널") | O18: =COUNTIFS(과년도모음!$B$312:$B$1024,O$2,과년도모음!$E$312:$E$1024,"터널") | P18: =COUNTIFS(과년도모음!$B$343:$B$1024,P$2,과년도모음!$E$343:$E$1024,"터널") | Q18: =COUNTIFS(과년도모음!$B$343:$B$1024,Q$2,과년도모음!$E$343:$E$1024,"터널") | R18: =COUNTIFS(과년도모음!$B$343:$B$1024,R$2,과년도모음!$E$343:$E$1024,"터널") | S18: =COUNTIFS(과년도모음!$B$343:$B$1024,S$2,과년도모음!$E$343:$E$1024,"터널") | T18: =COUNTIFS(과년도모음!$B$343:$B$1024,T$2,과년도모음!$E$343:$E$1024,"터널") | U18: =COUNTIFS(과년도모음!$B$343:$B$1024,U$2,과년도모음!$E$343:$E$1024,"터널") | V18: =COUNTIFS(과년도모음!$B$343:$B$1024,V$2,과년도모음!$E$343:$E$1024,"터널") | W18: =COUNTIFS(과년도모음!$B$343:$B$1024,W$2,과년도모음!$E$343:$E$1024,"터널") | ... AK18: =COUNTIFS(과년도모음!$B$343:$B$1024,AK$2,과년도모음!$E$343:$E$1024,"터널")
A19: 17 | B19: 건축 | C19: =SUM(E19:AK19) | F19: =COUNTIFS(과년도모음!$B$1:$B$1024,F$2,과년도모음!$E$1:$E$1024,"건축") | G19: =COUNTIFS(과년도모음!$B$1:$B$1024,G$2,과년도모음!$E$1:$E$1024,"건축") | H19: =COUNTIFS(과년도모음!$B$1:$B$1024,H$2,과년도모음!$E$1:$E$1024,"건축") | I19: =COUNTIFS(과년도모음!$B$1:$B$1024,I$2,과년도모음!$E$1:$E$1024,"건축") | J19: =COUNTIFS(과년도모음!$B$1:$B$1024,J$2,과년도모음!$E$1:$E$1024,"건축") | K19: =COUNTIFS(과년도모음!$B$1:$B$1024,K$2,과년도모음!$E$1:$E$1024,"건축") | L19: =COUNTIFS(과년도모음!$B$1:$B$1024,L$2,과년도모음!$E$1:$E$1024,"건축") | M19: =COUNTIFS(과년도모음!$B$1:$B$1024,M$2,과년도모음!$E$1:$E$1024,"건축") | N19: =COUNTIFS(과년도모음!$B$281:$B$1024,N$2,과년도모음!$E$281:$E$1024,"건축") | O19: =COUNTIFS(과년도모음!$B$312:$B$1024,O$2,과년도모음!$E$312:$E$1024,"건축") | P19: =COUNTIFS(과년도모음!$B$343:$B$1024,P$2,과년도모음!$E$343:$E$1024,"건축") | Q19: =COUNTIFS(과년도모음!$B$343:$B$1024,Q$2,과년도모음!$E$343:$E$1024,"건축") | R19: =COUNTIFS(과년도모음!$B$343:$B$1024,R$2,과년도모음!$E$343:$E$1024,"건축") | S19: =COUNTIFS(과년도모음!$B$343:$B$1024,S$2,과년도모음!$E$343:$E$1024,"건축") | T19: =COUNTIFS(과년도모음!$B$343:$B$1024,T$2,과년도모음!$E$343:$E$1024,"건축") | U19: =COUNTIFS(과년도모음!$B$343:$B$1024,U$2,과년도모음!$E$343:$E$1024,"건축") | V19: =COUNTIFS(과년도모음!$B$343:$B$1024,V$2,과년도모음!$E$343:$E$1024,"건축") | W19: =COUNTIFS(과년도모음!$B$343:$B$1024,W$2,과년도모음!$E$343:$E$1024,"건축") | ... AK19: =COUNTIFS(과년도모음!$B$343:$B$1024,AK$2,과년도모음!$E$343:$E$1024,"건축")
A20: 18 | B20: 지진 | C20: =SUM(E20:AK20) | F20: =COUNTIFS(과년도모음!$B$1:$B$1024,F$2,과년도모음!$E$1:$E$1024,"지진") | G20: =COUNTIFS(과년도모음!$B$1:$B$1024,G$2,과년도모음!$E$1:$E$1024,"지진") | H20: =COUNTIFS(과년도모음!$B$1:$B$1024,H$2,과년도모음!$E$1:$E$1024,"지진") | I20: =COUNTIFS(과년도모음!$B$1:$B$1024,I$2,과년도모음!$E$1:$E$1024,"지진") | J20: =COUNTIFS(과년도모음!$B$1:$B$1024,J$2,과년도모음!$E$1:$E$1024,"지진") | K20: =COUNTIFS(과년도모음!$B$1:$B$1024,K$2,과년도모음!$E$1:$E$1024,"지진") | L20: =COUNTIFS(과년도모음!$B$1:$B$1024,L$2,과년도모음!$E$1:$E$1024,"지진") | M20: =COUNTIFS(과년도모음!$B$1:$B$1024,M$2,과년도모음!$E$1:$E$1024,"지진") | N20: =COUNTIFS(과년도모음!$B$281:$B$1024,N$2,과년도모음!$E$281:$E$1024,"지진") | O20: =COUNTIFS(과년도모음!$B$312:$B$1024,O$2,과년도모음!$E$312:$E$1024,"지진") | P20: =COUNTIFS(과년도모음!$B$343:$B$1024,P$2,과년도모음!$E$343:$E$1024,"지진") | Q20: =COUNTIFS(과년도모음!$B$343:$B$1024,Q$2,과년도모음!$E$343:$E$1024,"지진") | R20: =COUNTIFS(과년도모음!$B$343:$B$1024,R$2,과년도모음!$E$343:$E$1024,"지진") | S20: =COUNTIFS(과년도모음!$B$343:$B$1024,S$2,과년도모음!$E$343:$E$1024,"지진") | T20: =COUNTIFS(과년도모음!$B$343:$B$1024,T$2,과년도모음!$E$343:$E$1024,"지진") | U20: =COUNTIFS(과년도모음!$B$343:$B$1024,U$2,과년도모음!$E$343:$E$1024,"지진") | V20: =COUNTIFS(과년도모음!$B$343:$B$1024,V$2,과년도모음!$E$343:$E$1024,"지진") | W20: =COUNTIFS(과년도모음!$B$343:$B$1024,W$2,과년도모음!$E$343:$E$1024,"지진") | ... AK20: =COUNTIFS(과년도모음!$B$343:$B$1024,AK$2,과년도모음!$E$343:$E$1024,"지진")
A21: 19 | B21: 해체공사 | C21: =SUM(E21:AK21) | F21: =COUNTIFS(과년도모음!$B$1:$B$1024,F$2,과년도모음!$E$1:$E$1024,"해체공사") | G21: =COUNTIFS(과년도모음!$B$1:$B$1024,G$2,과년도모음!$E$1:$E$1024,"해체공사") | H21: =COUNTIFS(과년도모음!$B$1:$B$1024,H$2,과년도모음!$E$1:$E$1024,"해체공사") | I21: =COUNTIFS(과년도모음!$B$1:$B$1024,I$2,과년도모음!$E$1:$E$1024,"해체공사") | J21: =COUNTIFS(과년도모음!$B$1:$B$1024,J$2,과년도모음!$E$1:$E$1024,"해체공사") | K21: =COUNTIFS(과년도모음!$B$1:$B$1024,K$2,과년도모음!$E$1:$E$1024,"해체공사") | L21: =COUNTIFS(과년도모음!$B$1:$B$1024,L$2,과년도모음!$E$1:$E$1024,"해체공사") | M21: =COUNTIFS(과년도모음!$B$1:$B$1024,M$2,과년도모음!$E$1:$E$1024,"해체공사") | N21: =COUNTIFS(과년도모음!$B$281:$B$1024,N$2,과년도모음!$E$281:$E$1024,"해체공사") | O21: =COUNTIFS(과년도모음!$B$312:$B$1024,O$2,과년도모음!$E$312:$E$1024,"해체공사") | P21: =COUNTIFS(과년도모음!$B$343:$B$1024,P$2,과년도모음!$E$343:$E$1024,"해체공사") | Q21: =COUNTIFS(과년도모음!$B$343:$B$1024,Q$2,과년도모음!$E$343:$E$1024,"해체공사") | R21: =COUNTIFS(과년도모음!$B$343:$B$1024,R$2,과년도모음!$E$343:$E$1024,"해체공사") | S21: =COUNTIFS(과년도모음!$B$343:$B$1024,S$2,과년도모음!$E$343:$E$1024,"해체공사") | T21: =COUNTIFS(과년도모음!$B$343:$B$1024,T$2,과년도모음!$E$343:$E$1024,"해체공사") | U21: =COUNTIFS(과년도모음!$B$343:$B$1024,U$2,과년도모음!$E$343:$E$1024,"해체공사") | V21: =COUNTIFS(과년도모음!$B$343:$B$1024,V$2,과년도모음!$E$343:$E$1024,"해체공사") | W21: =COUNTIFS(과년도모음!$B$343:$B$1024,W$2,과년도모음!$E$343:$E$1024,"해체공사") | ... AK21: =COUNTIFS(과년도모음!$B$343:$B$1024,AK$2,과년도모음!$E$343:$E$1024,"해체공사")
A22: 20 | B22: 시사이슈 | C22: =SUM(E22:AK22) | F22: =COUNTIFS(과년도모음!$B$1:$B$1024,F$2,과년도모음!$E$1:$E$1024,"시사 이슈 문제") | G22: =COUNTIFS(과년도모음!$B$1:$B$1024,G$2,과년도모음!$E$1:$E$1024,"시사 이슈 문제") | H22: =COUNTIFS(과년도모음!$B$1:$B$1024,H$2,과년도모음!$E$1:$E$1024,"시사 이슈 문제") | I22: =COUNTIFS(과년도모음!$B$1:$B$1024,I$2,과년도모음!$E$1:$E$1024,"시사 이슈 문제") | J22: =COUNTIFS(과년도모음!$B$1:$B$1024,J$2,과년도모음!$E$1:$E$1024,"시사 이슈 문제") | K22: =COUNTIFS(과년도모음!$B$1:$B$1024,K$2,과년도모음!$E$1:$E$1024,"시사 이슈 문제") | L22: =COUNTIFS(과년도모음!$B$1:$B$1024,L$2,과년도모음!$E$1:$E$1024,"시사 이슈 문제") | M22: =COUNTIFS(과년도모음!$B$1:$B$1024,M$2,과년도모음!$E$1:$E$1024,"시사 이슈 문제") | N22: =COUNTIFS(과년도모음!$B$281:$B$1024,N$2,과년도모음!$E$281:$E$1024,"시사 이슈 문제") | O22: =COUNTIFS(과년도모음!$B$312:$B$1024,O$2,과년도모음!$E$312:$E$1024,"시사 이슈 문제") | P22: =COUNTIFS(과년도모음!$B$343:$B$1024,P$2,과년도모음!$E$343:$E$1024,"시사 이슈 문제") | Q22: =COUNTIFS(과년도모음!$B$343:$B$1024,Q$2,과년도모음!$E$343:$E$1024,"시사 이슈 문제") | R22: =COUNTIFS(과년도모음!$B$343:$B$1024,R$2,과년도모음!$E$343:$E$1024,"시사 이슈 문제") | S22: =COUNTIFS(과년도모음!$B$343:$B$1024,S$2,과년도모음!$E$343:$E$1024,"시사 이슈 문제") | T22: =COUNTIFS(과년도모음!$B$343:$B$1024,T$2,과년도모음!$E$343:$E$1024,"시사 이슈 문제") | U22: =COUNTIFS(과년도모음!$B$343:$B$1024,U$2,과년도모음!$E$343:$E$1024,"시사 이슈 문제") | V22: =COUNTIFS(과년도모음!$B$343:$B$1024,V$2,과년도모음!$E$343:$E$1024,"시사 이슈 문제") | W22: =COUNTIFS(과년도모음!$B$343:$B$1024,W$2,과년도모음!$E$343:$E$1024,"시사 이슈 문제") | ... AK22: =COUNTIFS(과년도모음!$B$343:$B$1024,AK$2,과년도모음!$E$343:$E$1024,"시사 이슈 문제")
A23: 21 | B23: 기타(댐 제방 항만) | C23: =SUM(E23:AK23) | F23: =COUNTIFS(과년도모음!$B$1:$B$1024,F$2,과년도모음!$E$1:$E$1024,"제방 댐 항만")+COUNTIFS(과년도모음!$B$1:$B$1024,F$27,과년도모음!$E$1:$E$1024,"기타") | G23: =COUNTIFS(과년도모음!$B$1:$B$1024,G$2,과년도모음!$E$1:$E$1024,"제방 댐 항만")+COUNTIFS(과년도모음!$B$1:$B$1024,G$27,과년도모음!$E$1:$E$1024,"기타") | H23: =COUNTIFS(과년도모음!$B$1:$B$1024,H$2,과년도모음!$E$1:$E$1024,"제방 댐 항만")+COUNTIFS(과년도모음!$B$1:$B$1024,H$27,과년도모음!$E$1:$E$1024,"기타") | I23: =COUNTIFS(과년도모음!$B$1:$B$1024,I$2,과년도모음!$E$1:$E$1024,"제방 댐 항만")+COUNTIFS(과년도모음!$B$1:$B$1024,I$27,과년도모음!$E$1:$E$1024,"기타") | J23: =COUNTIFS(과년도모음!$B$1:$B$1024,J$2,과년도모음!$E$1:$E$1024,"제방 댐 항만")+COUNTIFS(과년도모음!$B$1:$B$1024,J$27,과년도모음!$E$1:$E$1024,"기타") | K23: =COUNTIFS(과년도모음!$B$1:$B$1024,K$2,과년도모음!$E$1:$E$1024,"제방 댐 항만")+COUNTIFS(과년도모음!$B$1:$B$1024,K$27,과년도모음!$E$1:$E$1024,"기타") | L23: =COUNTIFS(과년도모음!$B$1:$B$1024,L$2,과년도모음!$E$1:$E$1024,"제방 댐 항만")+COUNTIFS(과년도모음!$B$1:$B$1024,L$27,과년도모음!$E$1:$E$1024,"기타") | M23: =COUNTIFS(과년도모음!$B$1:$B$1024,M$2,과년도모음!$E$1:$E$1024,"제방 댐 항만")+COUNTIFS(과년도모음!$B$1:$B$1024,M$27,과년도모음!$E$1:$E$1024,"기타") | N23: =COUNTIFS(과년도모음!$B$281:$B$1024,N$2,과년도모음!$E$281:$E$1024,"제방 댐 항만")+COUNTIFS(과년도모음!$B$281:$B$1024,N$27,과년도모음!$E$281:$E$1024,"기타") | O23: =COUNTIFS(과년도모음!$B$312:$B$1024,O$2,과년도모음!$E$312:$E$1024,"제방 댐 항만")+COUNTIFS(과년도모음!$B$312:$B$1024,O$27,과년도모음!$E$312:$E$1024,"기타") | P23: =COUNTIFS(과년도모음!$B$343:$B$1024,P$2,과년도모음!$E$343:$E$1024,"제방 댐 항만")+COUNTIFS(과년도모음!$B$343:$B$1024,P$27,과년도모음!$E$343:$E$1024,"기타") | Q23: =COUNTIFS(과년도모음!$B$343:$B$1024,Q$2,과년도모음!$E$343:$E$1024,"제방 댐 항만")+COUNTIFS(과년도모음!$B$343:$B$1024,#REF!,과년도모음!$E$343:$E$1024,"기타") | R23: =COUNTIFS(과년도모음!$B$343:$B$1024,R$2,과년도모음!$E$343:$E$1024,"제방 댐 항만")+COUNTIFS(과년도모음!$B$343:$B$1024,#REF!,과년도모음!$E$343:$E$1024,"기타") | S23: =COUNTIFS(과년도모음!$B$343:$B$1024,S$2,과년도모음!$E$343:$E$1024,"제방 댐 항만")+COUNTIFS(과년도모음!$B$343:$B$1024,#REF!,과년도모음!$E$343:$E$1024,"기타") | T23: =COUNTIFS(과년도모음!$B$343:$B$1024,T$2,과년도모음!$E$343:$E$1024,"제방 댐 항만")+COUNTIFS(과년도모음!$B$343:$B$1024,#REF!,과년도모음!$E$343:$E$1024,"기타") | U23: =COUNTIFS(과년도모음!$B$343:$B$1024,U$2,과년도모음!$E$343:$E$1024,"제방 댐 항만")+COUNTIFS(과년도모음!$B$343:$B$1024,#REF!,과년도모음!$E$343:$E$1024,"기타") | V23: =COUNTIFS(과년도모음!$B$343:$B$1024,V$2,과년도모음!$E$343:$E$1024,"제방 댐 항만")+COUNTIFS(과년도모음!$B$343:$B$1024,#REF!,과년도모음!$E$343:$E$1024,"기타") | W23: =COUNTIFS(과년도모음!$B$343:$B$1024,W$2,과년도모음!$E$343:$E$1024,"제방 댐 항만")+COUNTIFS(과년도모음!$B$343:$B$1024,#REF!,과년도모음!$E$343:$E$1024,"기타") | X23: =COUNTIFS(과년도모음!$B$343:$B$1024,X$2,과년도모음!$E$343:$E$1024,"제방 댐 항만")+COUNTIFS(과년도모음!$B$343:$B$1024,X$2,과년도모음!$E$343:$E$1024,"기타") | Y23: =COUNTIFS(과년도모음!$B$343:$B$1024,Y$2,과년도모음!$E$343:$E$1024,"제방 댐 항만")+COUNTIFS(과년도모음!$B$343:$B$1024,Y$2,과년도모음!$E$343:$E$1024,"기타") | Z23: =COUNTIFS(과년도모음!$B$343:$B$1024,Z$2,과년도모음!$E$343:$E$1024,"제방 댐 항만")+COUNTIFS(과년도모음!$B$343:$B$1024,Z$2,과년도모음!$E$343:$E$1024,"기타") | AA23: =COUNTIFS(과년도모음!$B$343:$B$1024,AA$2,과년도모음!$E$343:$E$1024,"제방 댐 항만")+COUNTIFS(과년도모음!$B$343:$B$1024,AA$2,과년도모음!$E$343:$E$1024,"기타") | AB23: =COUNTIFS(과년도모음!$B$343:$B$1024,AB$2,과년도모음!$E$343:$E$1024,"제방 댐 항만")+COUNTIFS(과년도모음!$B$343:$B$1024,AB$2,과년도모음!$E$343:$E$1024,"기타") | AC23: =COUNTIFS(과년도모음!$B$343:$B$1024,AC$2,과년도모음!$E$343:$E$1024,"제방 댐 항만")+COUNTIFS(과년도모음!$B$343:$B$1024,AC$2,과년도모음!$E$343:$E$1024,"기타") | AD23: =COUNTIFS(과년도모음!$B$343:$B$1024,AD$2,과년도모음!$E$343:$E$1024,"제방 댐 항만")+COUNTIFS(과년도모음!$B$343:$B$1024,AD$2,과년도모음!$E$343:$E$1024,"기타") | AE23: =COUNTIFS(과년도모음!$B$343:$B$1024,AE$2,과년도모음!$E$343:$E$1024,"제방 댐 항만")+COUNTIFS(과년도모음!$B$343:$B$1024,AE$2,과년도모음!$E$343:$E$1024,"기타") | ... AK23: =COUNTIFS(과년도모음!$B$343:$B$1024,AK$2,과년도모음!$E$343:$E$1024,"제방 댐 항만")+COUNTIFS(과년도모음!$B$343:$B$1024,AK$2,과년도모음!$E$343:$E$1024,"기타")
B24: 합계 | C24: =SUM(C3:C23) | F24: =SUM(F3:F23) | G24: =SUM(G3:G23) | H24: =SUM(H3:H23) | I24: =SUM(I3:I23) | J24: =SUM(J3:J23) | K24: =SUM(K3:K23) | L24: =SUM(L3:L23) | M24: =SUM(M3:M23) | ... AK24: =SUM(AK3:AK23)
A26: □ 건설안전기술사 과년도 출제빈도 順 분석(106회~137회)
A27: RANK | B27: 분류 | C27: 출제확율 | D27: 평균 | E27: 합계 | F27: 137 | G27: 136 | H27: 135회 | I27: 134 | J27: 133 | K27: 132 | L27: 131 | M27: 130 | N27: 129 | O27: 128 | P27: 127 | Q27: 126 | R27: 125 | S27: 124 | T27: 123 | U27: 122 | V27: 121 | W27: 120 | X27: 119 | Y27: 118 | Z27: 117 | AA27: 116 | AB27: 115 | AC27: 114 | AD27: 113 | AE27: 112 | AF27: 111 | AG27: 110 | AH27: 109 | AI27: 108 | AJ27: 107 | AK27: 106 | AL27: 비고
A28: =RANK(E28,$E$28:$E$48) | B28: 산업안전보건법 | C28: =E28/$E$49 | D28: =E28/22 | E28: =SUM(F28:AK28) | F28: =COUNTIFS(과년도모음!$B$1:$B$1024,F$2,과년도모음!$E$1:$E$1024,"산안법") | G28: =COUNTIFS(과년도모음!$B$1:$B$1024,G$2,과년도모음!$E$1:$E$1024,"산안법") | H28: =COUNTIFS(과년도모음!$B$1:$B$1024,H$2,과년도모음!$E$1:$E$1024,"산안법") | I28: =COUNTIFS(과년도모음!$B$1:$B$1024,I$2,과년도모음!$E$1:$E$1024,"산안법") | J28: =COUNTIFS(과년도모음!$B$1:$B$1024,J$2,과년도모음!$E$1:$E$1024,"산안법") | K28: =COUNTIFS(과년도모음!$B$1:$B$1024,K$2,과년도모음!$E$1:$E$1024,"산안법") | L28: =COUNTIFS(과년도모음!$B$1:$B$1024,L$2,과년도모음!$E$1:$E$1024,"산안법") | M28: =COUNTIFS(과년도모음!$B$1:$B$1024,M$2,과년도모음!$E$1:$E$1024,"산안법") | N28: =COUNTIFS(과년도모음!$B$281:$B$1024,N$2,과년도모음!$E$281:$E$1024,"산안법") | O28: =COUNTIFS(과년도모음!$B$312:$B$1024,O$2,과년도모음!$E$312:$E$1024,"산안법") | P28: =COUNTIFS(과년도모음!$B$343:$B$1024,P$2,과년도모음!$E$343:$E$1024,"산안법") | Q28: =COUNTIFS(과년도모음!$B$343:$B$1024,Q$2,과년도모음!$E$343:$E$1024,"산안법") | R28: =COUNTIFS(과년도모음!$B$405:$B$1024,R$2,과년도모음!$E$405:$E$1024,"산안법") | S28: =COUNTIFS(과년도모음!$B$405:$B$1024,S$2,과년도모음!$E$405:$E$1024,"산안법") | T28: =COUNTIFS(과년도모음!$B$405:$B$1024,T$2,과년도모음!$E$405:$E$1024,"산안법") | U28: =COUNTIFS(과년도모음!$B$405:$B$1024,U$2,과년도모음!$E$405:$E$1024,"산안법") | V28: =COUNTIFS(과년도모음!$B$405:$B$1024,V$2,과년도모음!$E$405:$E$1024,"산안법") | W28: =COUNTIFS(과년도모음!$B$405:$B$1024,W$2,과년도모음!$E$405:$E$1024,"산안법") | X28: =COUNTIFS(과년도모음!$B$405:$B$1024,X$2,과년도모음!$E$405:$E$1024,"산안법") | Y28: =COUNTIFS(과년도모음!$B$405:$B$1024,Y$2,과년도모음!$E$405:$E$1024,"산안법") | ... AK28: =COUNTIFS(과년도모음!$B$405:$B$1024,AK$2,과년도모음!$E$405:$E$1024,"산안법")
A29: =RANK(E29,$E$28:$E$48) | B29: 안전관리론 | C29: =E29/$E$49 | D29: =E29/22 | E29: =SUM(F29:AK29) | F29: =COUNTIFS(과년도모음!$B$1:$B$1024,F$2,과년도모음!$E$1:$E$1024,"안전관리론") | G29: =COUNTIFS(과년도모음!$B$1:$B$1024,G$2,과년도모음!$E$1:$E$1024,"안전관리론") | H29: =COUNTIFS(과년도모음!$B$1:$B$1024,H$2,과년도모음!$E$1:$E$1024,"안전관리론") | I29: =COUNTIFS(과년도모음!$B$1:$B$1024,I$2,과년도모음!$E$1:$E$1024,"안전관리론") | J29: =COUNTIFS(과년도모음!$B$1:$B$1024,J$2,과년도모음!$E$1:$E$1024,"안전관리론") | K29: =COUNTIFS(과년도모음!$B$1:$B$1024,K$2,과년도모음!$E$1:$E$1024,"안전관리론") | L29: =COUNTIFS(과년도모음!$B$1:$B$1024,L$2,과년도모음!$E$1:$E$1024,"안전관리론") | M29: =COUNTIFS(과년도모음!$B$1:$B$1024,M$2,과년도모음!$E$1:$E$1024,"안전관리론") | N29: =COUNTIFS(과년도모음!$B$281:$B$1024,N$2,과년도모음!$E$281:$E$1024,"안전관리론") | O29: =COUNTIFS(과년도모음!$B$312:$B$1024,O$2,과년도모음!$E$312:$E$1024,"안전관리론") | P29: =COUNTIFS(과년도모음!$B$343:$B$1024,P$2,과년도모음!$E$343:$E$1024,"안전관리론") | Q29: =COUNTIFS(과년도모음!$B$343:$B$1024,Q$2,과년도모음!$E$343:$E$1024,"안전관리론") | R29: =COUNTIFS(과년도모음!$B$405:$B$1024,R$2,과년도모음!$E$405:$E$1024,"안전관리론") | S29: =COUNTIFS(과년도모음!$B$405:$B$1024,S$2,과년도모음!$E$405:$E$1024,"안전관리론") | T29: =COUNTIFS(과년도모음!$B$405:$B$1024,T$2,과년도모음!$E$405:$E$1024,"안전관리론") | U29: =COUNTIFS(과년도모음!$B$405:$B$1024,U$2,과년도모음!$E$405:$E$1024,"안전관리론") | V29: =COUNTIFS(과년도모음!$B$405:$B$1024,V$2,과년도모음!$E$405:$E$1024,"안전관리론") | W29: =COUNTIFS(과년도모음!$B$405:$B$1024,W$2,과년도모음!$E$405:$E$1024,"안전관리론") | X29: =COUNTIFS(과년도모음!$B$405:$B$1024,X$2,과년도모음!$E$405:$E$1024,"안전관리론") | Y29: =COUNTIFS(과년도모음!$B$405:$B$1024,Y$2,과년도모음!$E$405:$E$1024,"안전관리론") | ... AK29: =COUNTIFS(과년도모음!$B$405:$B$1024,AK$2,과년도모음!$E$405:$E$1024,"안전관리론")
A30: =RANK(E30,$E$28:$E$48) | B30: 콘크리트(거푸집 동바리 철근 포함) | C30: =E30/$E$49 | D30: =E30/22 | E30: =SUM(F30:AK30) | F30: =COUNTIFS(과년도모음!$B$1:$B$1024,F$2,과년도모음!$E$1:$E$1024,"콘크리트") | G30: =COUNTIFS(과년도모음!$B$1:$B$1024,G$2,과년도모음!$E$1:$E$1024,"콘크리트") | H30: =COUNTIFS(과년도모음!$B$1:$B$1024,H$2,과년도모음!$E$1:$E$1024,"콘크리트") | I30: =COUNTIFS(과년도모음!$B$1:$B$1024,I$2,과년도모음!$E$1:$E$1024,"콘크리트") | J30: =COUNTIFS(과년도모음!$B$1:$B$1024,J$2,과년도모음!$E$1:$E$1024,"콘크리트") | K30: =COUNTIFS(과년도모음!$B$1:$B$1024,K$2,과년도모음!$E$1:$E$1024,"콘크리트") | L30: =COUNTIFS(과년도모음!$B$1:$B$1024,L$2,과년도모음!$E$1:$E$1024,"콘크리트") | M30: =COUNTIFS(과년도모음!$B$1:$B$1024,M$2,과년도모음!$E$1:$E$1024,"콘크리트") | N30: =COUNTIFS(과년도모음!$B$281:$B$1024,N$2,과년도모음!$E$281:$E$1024,"콘크리트") | O30: =COUNTIFS(과년도모음!$B$312:$B$1024,O$2,과년도모음!$E$312:$E$1024,"콘크리트") | P30: =COUNTIFS(과년도모음!$B$343:$B$1024,P$2,과년도모음!$E$343:$E$1024,"콘크리트") | Q30: =COUNTIFS(과년도모음!$B$343:$B$1024,Q$2,과년도모음!$E$343:$E$1024,"콘크리트") | R30: =COUNTIFS(과년도모음!$B$405:$B$1024,R$2,과년도모음!$E$405:$E$1024,"콘크리트") | S30: =COUNTIFS(과년도모음!$B$405:$B$1024,S$2,과년도모음!$E$405:$E$1024,"콘크리트") | T30: =COUNTIFS(과년도모음!$B$405:$B$1024,T$2,과년도모음!$E$405:$E$1024,"콘크리트") | U30: =COUNTIFS(과년도모음!$B$405:$B$1024,U$2,과년도모음!$E$405:$E$1024,"콘크리트") | V30: =COUNTIFS(과년도모음!$B$405:$B$1024,V$2,과년도모음!$E$405:$E$1024,"콘크리트") | W30: =COUNTIFS(과년도모음!$B$405:$B$1024,W$2,과년도모음!$E$405:$E$1024,"콘크리트") | X30: =COUNTIFS(과년도모음!$B$405:$B$1024,X$2,과년도모음!$E$405:$E$1024,"콘크리트") | Y30: =COUNTIFS(과년도모음!$B$405:$B$1024,Y$2,과년도모음!$E$405:$E$1024,"콘크리트") | ... AK30: =COUNTIFS(과년도모음!$B$405:$B$1024,AK$2,과년도모음!$E$405:$E$1024,"콘크리트")
A31: =RANK(E31,$E$28:$E$48) | B31: 건설기계 | C31: =E31/$E$49 | D31: =E31/22 | E31: =SUM(F31:AK31) | F31: =COUNTIFS(과년도모음!$B$1:$B$1024,F$2,과년도모음!$E$1:$E$1024,"건설기계") | G31: =COUNTIFS(과년도모음!$B$1:$B$1024,G$2,과년도모음!$E$1:$E$1024,"건설기계") | H31: =COUNTIFS(과년도모음!$B$1:$B$1024,H$2,과년도모음!$E$1:$E$1024,"건설기계") | I31: =COUNTIFS(과년도모음!$B$1:$B$1024,I$2,과년도모음!$E$1:$E$1024,"건설기계") | J31: =COUNTIFS(과년도모음!$B$1:$B$1024,J$2,과년도모음!$E$1:$E$1024,"건설기계") | K31: =COUNTIFS(과년도모음!$B$1:$B$1024,K$2,과년도모음!$E$1:$E$1024,"건설기계") | L31: =COUNTIFS(과년도모음!$B$1:$B$1024,L$2,과년도모음!$E$1:$E$1024,"건설기계") | M31: =COUNTIFS(과년도모음!$B$1:$B$1024,M$2,과년도모음!$E$1:$E$1024,"건설기계") | N31: =COUNTIFS(과년도모음!$B$281:$B$1024,N$2,과년도모음!$E$281:$E$1024,"건설기계") | O31: =COUNTIFS(과년도모음!$B$312:$B$1024,O$2,과년도모음!$E$312:$E$1024,"건설기계") | P31: =COUNTIFS(과년도모음!$B$343:$B$1024,P$2,과년도모음!$E$343:$E$1024,"건설기계") | Q31: =COUNTIFS(과년도모음!$B$343:$B$1024,Q$2,과년도모음!$E$343:$E$1024,"건설기계") | R31: =COUNTIFS(과년도모음!$B$405:$B$1024,R$2,과년도모음!$E$405:$E$1024,"건설기계") | S31: =COUNTIFS(과년도모음!$B$405:$B$1024,S$2,과년도모음!$E$405:$E$1024,"건설기계") | T31: =COUNTIFS(과년도모음!$B$405:$B$1024,T$2,과년도모음!$E$405:$E$1024,"건설기계") | U31: =COUNTIFS(과년도모음!$B$405:$B$1024,U$2,과년도모음!$E$405:$E$1024,"건설기계") | V31: =COUNTIFS(과년도모음!$B$405:$B$1024,V$2,과년도모음!$E$405:$E$1024,"건설기계") | W31: =COUNTIFS(과년도모음!$B$405:$B$1024,W$2,과년도모음!$E$405:$E$1024,"건설기계") | X31: =COUNTIFS(과년도모음!$B$405:$B$1024,X$2,과년도모음!$E$405:$E$1024,"건설기계") | Y31: =COUNTIFS(과년도모음!$B$405:$B$1024,Y$2,과년도모음!$E$405:$E$1024,"건설기계") | ... AK31: =COUNTIFS(과년도모음!$B$405:$B$1024,AK$2,과년도모음!$E$405:$E$1024,"건설기계")
A32: =RANK(E32,$E$28:$E$48) | B32: 가설공사 | C32: =E32/$E$49 | D32: =E32/22 | E32: =SUM(F32:AK32) | F32: =COUNTIFS(과년도모음!$B$1:$B$1024,F$2,과년도모음!$E$1:$E$1024,"가설공사") | G32: =COUNTIFS(과년도모음!$B$1:$B$1024,G$2,과년도모음!$E$1:$E$1024,"가설공사") | H32: =COUNTIFS(과년도모음!$B$1:$B$1024,H$2,과년도모음!$E$1:$E$1024,"가설공사") | I32: =COUNTIFS(과년도모음!$B$1:$B$1024,I$2,과년도모음!$E$1:$E$1024,"가설공사") | J32: =COUNTIFS(과년도모음!$B$1:$B$1024,J$2,과년도모음!$E$1:$E$1024,"가설공사") | K32: =COUNTIFS(과년도모음!$B$1:$B$1024,K$2,과년도모음!$E$1:$E$1024,"가설공사") | L32: =COUNTIFS(과년도모음!$B$1:$B$1024,L$2,과년도모음!$E$1:$E$1024,"가설공사") | M32: =COUNTIFS(과년도모음!$B$1:$B$1024,M$2,과년도모음!$E$1:$E$1024,"가설공사") | N32: =COUNTIFS(과년도모음!$B$281:$B$1024,N$2,과년도모음!$E$281:$E$1024,"가설공사") | O32: =COUNTIFS(과년도모음!$B$312:$B$1024,O$2,과년도모음!$E$312:$E$1024,"가설공사") | P32: =COUNTIFS(과년도모음!$B$343:$B$1024,P$2,과년도모음!$E$343:$E$1024,"가설공사") | Q32: =COUNTIFS(과년도모음!$B$343:$B$1024,Q$2,과년도모음!$E$343:$E$1024,"가설공사") | R32: =COUNTIFS(과년도모음!$B$405:$B$1024,R$2,과년도모음!$E$405:$E$1024,"가설공사") | S32: =COUNTIFS(과년도모음!$B$405:$B$1024,S$2,과년도모음!$E$405:$E$1024,"가설공사") | T32: =COUNTIFS(과년도모음!$B$405:$B$1024,T$2,과년도모음!$E$405:$E$1024,"가설공사") | U32: =COUNTIFS(과년도모음!$B$405:$B$1024,U$2,과년도모음!$E$405:$E$1024,"가설공사") | V32: =COUNTIFS(과년도모음!$B$405:$B$1024,V$2,과년도모음!$E$405:$E$1024,"가설공사") | W32: =COUNTIFS(과년도모음!$B$405:$B$1024,W$2,과년도모음!$E$405:$E$1024,"가설공사") | X32: =COUNTIFS(과년도모음!$B$405:$B$1024,X$2,과년도모음!$E$405:$E$1024,"가설공사") | Y32: =COUNTIFS(과년도모음!$B$405:$B$1024,Y$2,과년도모음!$E$405:$E$1024,"가설공사") | ... AK32: =COUNTIFS(과년도모음!$B$405:$B$1024,AK$2,과년도모음!$E$405:$E$1024,"가설공사")
A33: =RANK(E33,$E$28:$E$48) | B33: 기초 | C33: =E33/$E$49 | D33: =E33/22 | E33: =SUM(F33:AK33) | F33: =COUNTIFS(과년도모음!$B$1:$B$1024,F$2,과년도모음!$E$1:$E$1024,"기초") | G33: =COUNTIFS(과년도모음!$B$1:$B$1024,G$2,과년도모음!$E$1:$E$1024,"기초") | H33: =COUNTIFS(과년도모음!$B$1:$B$1024,H$2,과년도모음!$E$1:$E$1024,"기초") | I33: =COUNTIFS(과년도모음!$B$1:$B$1024,I$2,과년도모음!$E$1:$E$1024,"기초") | J33: =COUNTIFS(과년도모음!$B$1:$B$1024,J$2,과년도모음!$E$1:$E$1024,"기초") | K33: =COUNTIFS(과년도모음!$B$1:$B$1024,K$2,과년도모음!$E$1:$E$1024,"기초") | L33: =COUNTIFS(과년도모음!$B$1:$B$1024,L$2,과년도모음!$E$1:$E$1024,"기초") | M33: =COUNTIFS(과년도모음!$B$1:$B$1024,M$2,과년도모음!$E$1:$E$1024,"기초") | N33: =COUNTIFS(과년도모음!$B$281:$B$1024,N$2,과년도모음!$E$281:$E$1024,"기초") | O33: =COUNTIFS(과년도모음!$B$312:$B$1024,O$2,과년도모음!$E$312:$E$1024,"기초") | P33: =COUNTIFS(과년도모음!$B$343:$B$1024,P$2,과년도모음!$E$343:$E$1024,"기초") | Q33: =COUNTIFS(과년도모음!$B$343:$B$1024,Q$2,과년도모음!$E$343:$E$1024,"기초") | R33: =COUNTIFS(과년도모음!$B$405:$B$1024,R$2,과년도모음!$E$405:$E$1024,"기초") | S33: =COUNTIFS(과년도모음!$B$405:$B$1024,S$2,과년도모음!$E$405:$E$1024,"기초") | T33: =COUNTIFS(과년도모음!$B$405:$B$1024,T$2,과년도모음!$E$405:$E$1024,"기초") | U33: =COUNTIFS(과년도모음!$B$405:$B$1024,U$2,과년도모음!$E$405:$E$1024,"기초") | V33: =COUNTIFS(과년도모음!$B$405:$B$1024,V$2,과년도모음!$E$405:$E$1024,"기초") | W33: =COUNTIFS(과년도모음!$B$405:$B$1024,W$2,과년도모음!$E$405:$E$1024,"기초") | X33: =COUNTIFS(과년도모음!$B$405:$B$1024,X$2,과년도모음!$E$405:$E$1024,"기초") | Y33: =COUNTIFS(과년도모음!$B$405:$B$1024,Y$2,과년도모음!$E$405:$E$1024,"기초") | ... AK33: =COUNTIFS(과년도모음!$B$405:$B$1024,AK$2,과년도모음!$E$405:$E$1024,"기초")
A34: =RANK(E34,$E$28:$E$48) | B34: 토공 | C34: =E34/$E$49 | D34: =E34/22 | E34: =SUM(F34:AK34) | F34: =COUNTIFS(과년도모음!$B$1:$B$1024,F$2,과년도모음!$E$1:$E$1024,"토공") | G34: =COUNTIFS(과년도모음!$B$1:$B$1024,G$2,과년도모음!$E$1:$E$1024,"토공") | H34: =COUNTIFS(과년도모음!$B$1:$B$1024,H$2,과년도모음!$E$1:$E$1024,"토공") | I34: =COUNTIFS(과년도모음!$B$1:$B$1024,I$2,과년도모음!$E$1:$E$1024,"토공") | J34: =COUNTIFS(과년도모음!$B$1:$B$1024,J$2,과년도모음!$E$1:$E$1024,"토공") | K34: =COUNTIFS(과년도모음!$B$1:$B$1024,K$2,과년도모음!$E$1:$E$1024,"토공") | L34: =COUNTIFS(과년도모음!$B$1:$B$1024,L$2,과년도모음!$E$1:$E$1024,"토공") | M34: =COUNTIFS(과년도모음!$B$1:$B$1024,M$2,과년도모음!$E$1:$E$1024,"토공") | N34: =COUNTIFS(과년도모음!$B$281:$B$1024,N$2,과년도모음!$E$281:$E$1024,"토공") | O34: =COUNTIFS(과년도모음!$B$312:$B$1024,O$2,과년도모음!$E$312:$E$1024,"토공") | P34: =COUNTIFS(과년도모음!$B$343:$B$1024,P$2,과년도모음!$E$343:$E$1024,"토공") | Q34: =COUNTIFS(과년도모음!$B$343:$B$1024,Q$2,과년도모음!$E$343:$E$1024,"토공") | R34: =COUNTIFS(과년도모음!$B$405:$B$1024,R$2,과년도모음!$E$405:$E$1024,"토공") | S34: =COUNTIFS(과년도모음!$B$405:$B$1024,S$2,과년도모음!$E$405:$E$1024,"토공") | T34: =COUNTIFS(과년도모음!$B$405:$B$1024,T$2,과년도모음!$E$405:$E$1024,"토공") | U34: =COUNTIFS(과년도모음!$B$405:$B$1024,U$2,과년도모음!$E$405:$E$1024,"토공") | V34: =COUNTIFS(과년도모음!$B$405:$B$1024,V$2,과년도모음!$E$405:$E$1024,"토공") | W34: =COUNTIFS(과년도모음!$B$405:$B$1024,W$2,과년도모음!$E$405:$E$1024,"토공") | X34: =COUNTIFS(과년도모음!$B$405:$B$1024,X$2,과년도모음!$E$405:$E$1024,"토공") | Y34: =COUNTIFS(과년도모음!$B$405:$B$1024,Y$2,과년도모음!$E$405:$E$1024,"토공") | ... AK34: =COUNTIFS(과년도모음!$B$405:$B$1024,AK$2,과년도모음!$E$405:$E$1024,"토공")
A35: =RANK(E35,$E$28:$E$48) | B35: 시설물안전법 | C35: =E35/$E$49 | D35: =E35/22 | E35: =SUM(F35:AK35) | F35: =COUNTIFS(과년도모음!$B$1:$B$1024,F$2,과년도모음!$E$1:$E$1024,"시설물안전법") | G35: =COUNTIFS(과년도모음!$B$1:$B$1024,G$2,과년도모음!$E$1:$E$1024,"시설물안전법") | H35: =COUNTIFS(과년도모음!$B$1:$B$1024,H$2,과년도모음!$E$1:$E$1024,"시설물안전법") | I35: =COUNTIFS(과년도모음!$B$1:$B$1024,I$2,과년도모음!$E$1:$E$1024,"시설물안전법") | J35: =COUNTIFS(과년도모음!$B$1:$B$1024,J$2,과년도모음!$E$1:$E$1024,"시설물안전법") | K35: =COUNTIFS(과년도모음!$B$1:$B$1024,K$2,과년도모음!$E$1:$E$1024,"시설물안전법") | L35: =COUNTIFS(과년도모음!$B$1:$B$1024,L$2,과년도모음!$E$1:$E$1024,"시설물안전법") | M35: =COUNTIFS(과년도모음!$B$1:$B$1024,M$2,과년도모음!$E$1:$E$1024,"시설물안전법") | N35: =COUNTIFS(과년도모음!$B$281:$B$1024,N$2,과년도모음!$E$281:$E$1024,"시설물안전법") | O35: =COUNTIFS(과년도모음!$B$312:$B$1024,O$2,과년도모음!$E$312:$E$1024,"시설물안전법") | P35: =COUNTIFS(과년도모음!$B$343:$B$1024,P$2,과년도모음!$E$343:$E$1024,"시설물안전법") | Q35: =COUNTIFS(과년도모음!$B$343:$B$1024,Q$2,과년도모음!$E$343:$E$1024,"시설물안전법") | R35: =COUNTIFS(과년도모음!$B$405:$B$1024,R$2,과년도모음!$E$405:$E$1024,"시설물안전법") | S35: =COUNTIFS(과년도모음!$B$405:$B$1024,S$2,과년도모음!$E$405:$E$1024,"시설물안전법") | T35: =COUNTIFS(과년도모음!$B$405:$B$1024,T$2,과년도모음!$E$405:$E$1024,"시설물안전법") | U35: =COUNTIFS(과년도모음!$B$405:$B$1024,U$2,과년도모음!$E$405:$E$1024,"시설물안전법") | V35: =COUNTIFS(과년도모음!$B$405:$B$1024,V$2,과년도모음!$E$405:$E$1024,"시설물안전법") | W35: =COUNTIFS(과년도모음!$B$405:$B$1024,W$2,과년도모음!$E$405:$E$1024,"시설물안전법") | X35: =COUNTIFS(과년도모음!$B$405:$B$1024,X$2,과년도모음!$E$405:$E$1024,"시설물안전법") | Y35: =COUNTIFS(과년도모음!$B$405:$B$1024,Y$2,과년도모음!$E$405:$E$1024,"시설물안전법") | ... AK35: =COUNTIFS(과년도모음!$B$405:$B$1024,AK$2,과년도모음!$E$405:$E$1024,"시설물안전법")
A36: =RANK(E36,$E$28:$E$48) | B36: 건설기술진흥법 | C36: =E36/$E$49 | D36: =E36/22 | E36: =SUM(F36:AK36) | F36: =COUNTIFS(과년도모음!$B$1:$B$1024,F$2,과년도모음!$E$1:$E$1024,"건진법") | G36: =COUNTIFS(과년도모음!$B$1:$B$1024,G$2,과년도모음!$E$1:$E$1024,"건진법") | H36: =COUNTIFS(과년도모음!$B$1:$B$1024,H$2,과년도모음!$E$1:$E$1024,"건진법") | I36: =COUNTIFS(과년도모음!$B$1:$B$1024,I$2,과년도모음!$E$1:$E$1024,"건진법") | J36: =COUNTIFS(과년도모음!$B$1:$B$1024,J$2,과년도모음!$E$1:$E$1024,"건진법") | K36: =COUNTIFS(과년도모음!$B$1:$B$1024,K$2,과년도모음!$E$1:$E$1024,"건진법") | L36: =COUNTIFS(과년도모음!$B$1:$B$1024,L$2,과년도모음!$E$1:$E$1024,"건진법") | M36: =COUNTIFS(과년도모음!$B$1:$B$1024,M$2,과년도모음!$E$1:$E$1024,"건진법") | N36: =COUNTIFS(과년도모음!$B$281:$B$1024,N$2,과년도모음!$E$281:$E$1024,"건진법") | O36: =COUNTIFS(과년도모음!$B$312:$B$1024,O$2,과년도모음!$E$312:$E$1024,"건진법") | P36: =COUNTIFS(과년도모음!$B$343:$B$1024,P$2,과년도모음!$E$343:$E$1024,"건진법") | Q36: =COUNTIFS(과년도모음!$B$343:$B$1024,Q$2,과년도모음!$E$343:$E$1024,"건진법") | R36: =COUNTIFS(과년도모음!$B$405:$B$1024,R$2,과년도모음!$E$405:$E$1024,"건진법") | S36: =COUNTIFS(과년도모음!$B$405:$B$1024,S$2,과년도모음!$E$405:$E$1024,"건진법") | T36: =COUNTIFS(과년도모음!$B$405:$B$1024,T$2,과년도모음!$E$405:$E$1024,"건진법") | U36: =COUNTIFS(과년도모음!$B$405:$B$1024,U$2,과년도모음!$E$405:$E$1024,"건진법") | V36: =COUNTIFS(과년도모음!$B$405:$B$1024,V$2,과년도모음!$E$405:$E$1024,"건진법") | W36: =COUNTIFS(과년도모음!$B$405:$B$1024,W$2,과년도모음!$E$405:$E$1024,"건진법") | X36: =COUNTIFS(과년도모음!$B$405:$B$1024,X$2,과년도모음!$E$405:$E$1024,"건진법") | Y36: =COUNTIFS(과년도모음!$B$405:$B$1024,Y$2,과년도모음!$E$405:$E$1024,"건진법") | ... AK36: =COUNTIFS(과년도모음!$B$405:$B$1024,AK$2,과년도모음!$E$405:$E$1024,"건진법")
A37: =RANK(E37,$E$28:$E$48) | B37: 재해유형 | C37: =E37/$E$49 | D37: =E37/22 | E37: =SUM(F37:AK37) | F37: =COUNTIFS(과년도모음!$B$1:$B$1024,F$2,과년도모음!$E$1:$E$1024,"재해유형") | G37: =COUNTIFS(과년도모음!$B$1:$B$1024,G$2,과년도모음!$E$1:$E$1024,"재해유형") | H37: =COUNTIFS(과년도모음!$B$1:$B$1024,H$2,과년도모음!$E$1:$E$1024,"재해유형") | I37: =COUNTIFS(과년도모음!$B$1:$B$1024,I$2,과년도모음!$E$1:$E$1024,"재해유형") | J37: =COUNTIFS(과년도모음!$B$1:$B$1024,J$2,과년도모음!$E$1:$E$1024,"재해유형") | K37: =COUNTIFS(과년도모음!$B$1:$B$1024,K$2,과년도모음!$E$1:$E$1024,"재해유형") | L37: =COUNTIFS(과년도모음!$B$1:$B$1024,L$2,과년도모음!$E$1:$E$1024,"재해유형") | M37: =COUNTIFS(과년도모음!$B$1:$B$1024,M$2,과년도모음!$E$1:$E$1024,"재해유형") | N37: =COUNTIFS(과년도모음!$B$281:$B$1024,N$2,과년도모음!$E$281:$E$1024,"재해유형") | O37: =COUNTIFS(과년도모음!$B$312:$B$1024,O$2,과년도모음!$E$312:$E$1024,"재해유형") | P37: =COUNTIFS(과년도모음!$B$343:$B$1024,P$2,과년도모음!$E$343:$E$1024,"재해유형") | Q37: =COUNTIFS(과년도모음!$B$343:$B$1024,Q$2,과년도모음!$E$343:$E$1024,"재해유형") | R37: =COUNTIFS(과년도모음!$B$405:$B$1024,R$2,과년도모음!$E$405:$E$1024,"재해유형") | S37: =COUNTIFS(과년도모음!$B$405:$B$1024,S$2,과년도모음!$E$405:$E$1024,"재해유형") | T37: =COUNTIFS(과년도모음!$B$405:$B$1024,T$2,과년도모음!$E$405:$E$1024,"재해유형") | U37: =COUNTIFS(과년도모음!$B$405:$B$1024,U$2,과년도모음!$E$405:$E$1024,"재해유형") | V37: =COUNTIFS(과년도모음!$B$405:$B$1024,V$2,과년도모음!$E$405:$E$1024,"재해유형") | W37: =COUNTIFS(과년도모음!$B$405:$B$1024,W$2,과년도모음!$E$405:$E$1024,"재해유형") | X37: =COUNTIFS(과년도모음!$B$405:$B$1024,X$2,과년도모음!$E$405:$E$1024,"재해유형") | Y37: =COUNTIFS(과년도모음!$B$405:$B$1024,Y$2,과년도모음!$E$405:$E$1024,"재해유형") | ... AK37: =COUNTIFS(과년도모음!$B$405:$B$1024,AK$2,과년도모음!$E$405:$E$1024,"재해유형")
A38: =RANK(E38,$E$28:$E$48) | B38: 강재 및 철골 | C38: =E38/$E$49 | D38: =E38/22 | E38: =SUM(F38:AK38) | F38: =COUNTIFS(과년도모음!$B$1:$B$1024,F$2,과년도모음!$E$1:$E$1024,"강재")+COUNTIFS(과년도모음!$B$1:$B$1024,F27,과년도모음!$E$1:$E$1024,"철골") | G38: =COUNTIFS(과년도모음!$B$1:$B$1024,G$2,과년도모음!$E$1:$E$1024,"강재")+COUNTIFS(과년도모음!$B$1:$B$1024,G27,과년도모음!$E$1:$E$1024,"철골") | H38: =COUNTIFS(과년도모음!$B$1:$B$1024,H$2,과년도모음!$E$1:$E$1024,"강재")+COUNTIFS(과년도모음!$B$1:$B$1024,H27,과년도모음!$E$1:$E$1024,"철골") | I38: =COUNTIFS(과년도모음!$B$1:$B$1024,I$2,과년도모음!$E$1:$E$1024,"강재")+COUNTIFS(과년도모음!$B$1:$B$1024,I27,과년도모음!$E$1:$E$1024,"철골") | J38: =COUNTIFS(과년도모음!$B$1:$B$1024,J$2,과년도모음!$E$1:$E$1024,"강재")+COUNTIFS(과년도모음!$B$1:$B$1024,J27,과년도모음!$E$1:$E$1024,"철골") | K38: =COUNTIFS(과년도모음!$B$1:$B$1024,K$2,과년도모음!$E$1:$E$1024,"강재")+COUNTIFS(과년도모음!$B$1:$B$1024,K27,과년도모음!$E$1:$E$1024,"철골") | L38: =COUNTIFS(과년도모음!$B$1:$B$1024,L$2,과년도모음!$E$1:$E$1024,"강재")+COUNTIFS(과년도모음!$B$1:$B$1024,#REF!,과년도모음!$E$1:$E$1024,"철골") | M38: =COUNTIFS(과년도모음!$B$1:$B$1024,M$2,과년도모음!$E$1:$E$1024,"강재")+COUNTIFS(과년도모음!$B$1:$B$1024,#REF!,과년도모음!$E$1:$E$1024,"철골") | N38: =COUNTIFS(과년도모음!$B$281:$B$1024,N$2,과년도모음!$E$281:$E$1024,"강재")+COUNTIFS(과년도모음!$B$281:$B$1024,#REF!,과년도모음!$E$281:$E$1024,"철골") | O38: =COUNTIFS(과년도모음!$B$312:$B$1024,O$2,과년도모음!$E$312:$E$1024,"강재")+COUNTIFS(과년도모음!$B$312:$B$1024,#REF!,과년도모음!$E$312:$E$1024,"철골") | P38: =COUNTIFS(과년도모음!$B$343:$B$1024,P$2,과년도모음!$E$343:$E$1024,"강재")+COUNTIFS(과년도모음!$B$343:$B$1024,#REF!,과년도모음!$E$343:$E$1024,"철골") | Q38: =COUNTIFS(과년도모음!$B$343:$B$1024,Q$2,과년도모음!$E$343:$E$1024,"강재")+COUNTIFS(과년도모음!$B$343:$B$1024,#REF!,과년도모음!$E$343:$E$1024,"철골") | R38: =COUNTIFS(과년도모음!$B$405:$B$1024,R$2,과년도모음!$E$405:$E$1024,"강재")+COUNTIFS(과년도모음!$B$405:$B$1024,R$27,과년도모음!$E$405:$E$1024,"철골") | S38: =COUNTIFS(과년도모음!$B$405:$B$1024,S$2,과년도모음!$E$405:$E$1024,"강재")+COUNTIFS(과년도모음!$B$405:$B$1024,S$27,과년도모음!$E$405:$E$1024,"철골") | T38: =COUNTIFS(과년도모음!$B$405:$B$1024,T$2,과년도모음!$E$405:$E$1024,"강재")+COUNTIFS(과년도모음!$B$405:$B$1024,T$27,과년도모음!$E$405:$E$1024,"철골") | U38: =COUNTIFS(과년도모음!$B$405:$B$1024,U$2,과년도모음!$E$405:$E$1024,"강재")+COUNTIFS(과년도모음!$B$405:$B$1024,U$27,과년도모음!$E$405:$E$1024,"철골") | V38: =COUNTIFS(과년도모음!$B$405:$B$1024,V$2,과년도모음!$E$405:$E$1024,"강재")+COUNTIFS(과년도모음!$B$405:$B$1024,V$27,과년도모음!$E$405:$E$1024,"철골") | W38: =COUNTIFS(과년도모음!$B$405:$B$1024,W$2,과년도모음!$E$405:$E$1024,"강재")+COUNTIFS(과년도모음!$B$405:$B$1024,W$27,과년도모음!$E$405:$E$1024,"철골") | X38: =COUNTIFS(과년도모음!$B$405:$B$1024,X$2,과년도모음!$E$405:$E$1024,"강재")+COUNTIFS(과년도모음!$B$405:$B$1024,X$27,과년도모음!$E$405:$E$1024,"철골") | Y38: =COUNTIFS(과년도모음!$B$405:$B$1024,Y$2,과년도모음!$E$405:$E$1024,"강재")+COUNTIFS(과년도모음!$B$405:$B$1024,Y$27,과년도모음!$E$405:$E$1024,"철골") | ... AG38: =COUNTIFS(과년도모음!$B$405:$B$1024,AG$2,과년도모음!$E$405:$E$1024,"강재")+COUNTIFS(과년도모음!$B$405:$B$1024,AG$27,과년도모음!$E$405:$E$1024,"철골") | AH38: =COUNTIFS(과년도모음!$B$405:$B$1024,AH$2,과년도모음!$E$405:$E$1024,"강재")+COUNTIFS(과년도모음!$B$405:$B$1024,#REF!,과년도모음!$E$405:$E$1024,"철골") | AI38: =COUNTIFS(과년도모음!$B$405:$B$1024,AI$2,과년도모음!$E$405:$E$1024,"강재")+COUNTIFS(과년도모음!$B$405:$B$1024,#REF!,과년도모음!$E$405:$E$1024,"철골") | AJ38: =COUNTIFS(과년도모음!$B$405:$B$1024,AJ$2,과년도모음!$E$405:$E$1024,"강재")+COUNTIFS(과년도모음!$B$405:$B$1024,AJ$27,과년도모음!$E$405:$E$1024,"철골") | AK38: =COUNTIFS(과년도모음!$B$405:$B$1024,AK$2,과년도모음!$E$405:$E$1024,"강재")+COUNTIFS(과년도모음!$B$405:$B$1024,AK$27,과년도모음!$E$405:$E$1024,"철골")
A39: =RANK(E39,$E$28:$E$48) | B39: 터널 | C39: =E39/$E$49 | D39: =E39/22 | E39: =SUM(F39:AK39) | F39: =COUNTIFS(과년도모음!$B$1:$B$1024,F$2,과년도모음!$E$1:$E$1024,"터널") | G39: =COUNTIFS(과년도모음!$B$1:$B$1024,G$2,과년도모음!$E$1:$E$1024,"터널") | H39: =COUNTIFS(과년도모음!$B$1:$B$1024,H$2,과년도모음!$E$1:$E$1024,"터널") | I39: =COUNTIFS(과년도모음!$B$1:$B$1024,I$2,과년도모음!$E$1:$E$1024,"터널") | J39: =COUNTIFS(과년도모음!$B$1:$B$1024,J$2,과년도모음!$E$1:$E$1024,"터널") | K39: =COUNTIFS(과년도모음!$B$1:$B$1024,K$2,과년도모음!$E$1:$E$1024,"터널") | L39: =COUNTIFS(과년도모음!$B$1:$B$1024,L$2,과년도모음!$E$1:$E$1024,"터널") | M39: =COUNTIFS(과년도모음!$B$1:$B$1024,M$2,과년도모음!$E$1:$E$1024,"터널") | N39: =COUNTIFS(과년도모음!$B$281:$B$1024,N$2,과년도모음!$E$281:$E$1024,"터널") | O39: =COUNTIFS(과년도모음!$B$312:$B$1024,O$2,과년도모음!$E$312:$E$1024,"터널") | P39: =COUNTIFS(과년도모음!$B$343:$B$1024,P$2,과년도모음!$E$343:$E$1024,"터널") | Q39: =COUNTIFS(과년도모음!$B$343:$B$1024,Q$2,과년도모음!$E$343:$E$1024,"터널") | R39: =COUNTIFS(과년도모음!$B$405:$B$1024,R$2,과년도모음!$E$405:$E$1024,"터널") | S39: =COUNTIFS(과년도모음!$B$405:$B$1024,S$2,과년도모음!$E$405:$E$1024,"터널") | T39: =COUNTIFS(과년도모음!$B$405:$B$1024,T$2,과년도모음!$E$405:$E$1024,"터널") | U39: =COUNTIFS(과년도모음!$B$405:$B$1024,U$2,과년도모음!$E$405:$E$1024,"터널") | V39: =COUNTIFS(과년도모음!$B$405:$B$1024,V$2,과년도모음!$E$405:$E$1024,"터널") | W39: =COUNTIFS(과년도모음!$B$405:$B$1024,W$2,과년도모음!$E$405:$E$1024,"터널") | X39: =COUNTIFS(과년도모음!$B$405:$B$1024,X$2,과년도모음!$E$405:$E$1024,"터널") | Y39: =COUNTIFS(과년도모음!$B$405:$B$1024,Y$2,과년도모음!$E$405:$E$1024,"터널") | ... AK39: =COUNTIFS(과년도모음!$B$405:$B$1024,AK$2,과년도모음!$E$405:$E$1024,"터널")
A40: =RANK(E40,$E$28:$E$48) | B40: 기타(댐 제방 항만) | C40: =E40/$E$49 | D40: =E40/22 | E40: =SUM(F40:AK40) | F40: =COUNTIFS(과년도모음!$B$1:$B$1024,F$2,과년도모음!$E$1:$E$1024,"제방 댐 항만")+COUNTIFS(과년도모음!$B$1:$B$1024,F$27,과년도모음!$E$1:$E$1024,"기타") | G40: =COUNTIFS(과년도모음!$B$1:$B$1024,G$2,과년도모음!$E$1:$E$1024,"제방 댐 항만")+COUNTIFS(과년도모음!$B$1:$B$1024,G$27,과년도모음!$E$1:$E$1024,"기타") | H40: =COUNTIFS(과년도모음!$B$1:$B$1024,H$2,과년도모음!$E$1:$E$1024,"제방 댐 항만")+COUNTIFS(과년도모음!$B$1:$B$1024,H$27,과년도모음!$E$1:$E$1024,"기타") | I40: =COUNTIFS(과년도모음!$B$1:$B$1024,I$2,과년도모음!$E$1:$E$1024,"제방 댐 항만")+COUNTIFS(과년도모음!$B$1:$B$1024,I$27,과년도모음!$E$1:$E$1024,"기타") | J40: =COUNTIFS(과년도모음!$B$1:$B$1024,J$2,과년도모음!$E$1:$E$1024,"제방 댐 항만")+COUNTIFS(과년도모음!$B$1:$B$1024,J$27,과년도모음!$E$1:$E$1024,"기타") | K40: =COUNTIFS(과년도모음!$B$1:$B$1024,K$2,과년도모음!$E$1:$E$1024,"제방 댐 항만")+COUNTIFS(과년도모음!$B$1:$B$1024,K$27,과년도모음!$E$1:$E$1024,"기타") | L40: =COUNTIFS(과년도모음!$B$1:$B$1024,L$2,과년도모음!$E$1:$E$1024,"제방 댐 항만")+COUNTIFS(과년도모음!$B$1:$B$1024,L$27,과년도모음!$E$1:$E$1024,"기타") | M40: =COUNTIFS(과년도모음!$B$1:$B$1024,M$2,과년도모음!$E$1:$E$1024,"제방 댐 항만")+COUNTIFS(과년도모음!$B$1:$B$1024,M$27,과년도모음!$E$1:$E$1024,"기타") | N40: =COUNTIFS(과년도모음!$B$281:$B$1024,N$2,과년도모음!$E$281:$E$1024,"제방 댐 항만")+COUNTIFS(과년도모음!$B$281:$B$1024,N$27,과년도모음!$E$281:$E$1024,"기타") | O40: =COUNTIFS(과년도모음!$B$312:$B$1024,O$2,과년도모음!$E$312:$E$1024,"제방 댐 항만")+COUNTIFS(과년도모음!$B$312:$B$1024,O$27,과년도모음!$E$312:$E$1024,"기타") | P40: =COUNTIFS(과년도모음!$B$343:$B$1024,P$2,과년도모음!$E$343:$E$1024,"제방 댐 항만")+COUNTIFS(과년도모음!$B$343:$B$1024,P$27,과년도모음!$E$343:$E$1024,"기타") | Q40: =COUNTIFS(과년도모음!$B$343:$B$1024,Q$2,과년도모음!$E$343:$E$1024,"제방 댐 항만")+COUNTIFS(과년도모음!$B$343:$B$1024,#REF!,과년도모음!$E$343:$E$1024,"기타") | R40: =COUNTIFS(과년도모음!$B$405:$B$1024,R$2,과년도모음!$E$405:$E$1024,"제방 댐 항만")+COUNTIFS(과년도모음!$B$405:$B$1024,R$27,과년도모음!$E$405:$E$1024,"기타") | S40: =COUNTIFS(과년도모음!$B$405:$B$1024,S$2,과년도모음!$E$405:$E$1024,"제방 댐 항만")+COUNTIFS(과년도모음!$B$405:$B$1024,S$27,과년도모음!$E$405:$E$1024,"기타") | T40: =COUNTIFS(과년도모음!$B$405:$B$1024,T$2,과년도모음!$E$405:$E$1024,"제방 댐 항만")+COUNTIFS(과년도모음!$B$405:$B$1024,T$27,과년도모음!$E$405:$E$1024,"기타") | U40: =COUNTIFS(과년도모음!$B$405:$B$1024,U$2,과년도모음!$E$405:$E$1024,"제방 댐 항만")+COUNTIFS(과년도모음!$B$405:$B$1024,U$27,과년도모음!$E$405:$E$1024,"기타") | V40: =COUNTIFS(과년도모음!$B$405:$B$1024,V$2,과년도모음!$E$405:$E$1024,"제방 댐 항만")+COUNTIFS(과년도모음!$B$405:$B$1024,V$27,과년도모음!$E$405:$E$1024,"기타") | W40: =COUNTIFS(과년도모음!$B$405:$B$1024,W$2,과년도모음!$E$405:$E$1024,"제방 댐 항만")+COUNTIFS(과년도모음!$B$405:$B$1024,W$27,과년도모음!$E$405:$E$1024,"기타") | X40: =COUNTIFS(과년도모음!$B$405:$B$1024,X$2,과년도모음!$E$405:$E$1024,"제방 댐 항만")+COUNTIFS(과년도모음!$B$405:$B$1024,X$27,과년도모음!$E$405:$E$1024,"기타") | Y40: =COUNTIFS(과년도모음!$B$405:$B$1024,Y$2,과년도모음!$E$405:$E$1024,"제방 댐 항만")+COUNTIFS(과년도모음!$B$405:$B$1024,Y$27,과년도모음!$E$405:$E$1024,"기타") | ... AG40: =COUNTIFS(과년도모음!$B$405:$B$1024,AG$2,과년도모음!$E$405:$E$1024,"제방 댐 항만")+COUNTIFS(과년도모음!$B$405:$B$1024,AG$27,과년도모음!$E$405:$E$1024,"기타") | AH40: =COUNTIFS(과년도모음!$B$405:$B$1024,AH$2,과년도모음!$E$405:$E$1024,"제방 댐 항만")+COUNTIFS(과년도모음!$B$405:$B$1024,#REF!,과년도모음!$E$405:$E$1024,"기타") | AI40: =COUNTIFS(과년도모음!$B$405:$B$1024,AI$2,과년도모음!$E$405:$E$1024,"제방 댐 항만")+COUNTIFS(과년도모음!$B$405:$B$1024,#REF!,과년도모음!$E$405:$E$1024,"기타") | AJ40: =COUNTIFS(과년도모음!$B$405:$B$1024,AJ$2,과년도모음!$E$405:$E$1024,"제방 댐 항만")+COUNTIFS(과년도모음!$B$405:$B$1024,AJ$27,과년도모음!$E$405:$E$1024,"기타") | AK40: =COUNTIFS(과년도모음!$B$405:$B$1024,AK$2,과년도모음!$E$405:$E$1024,"제방 댐 항만")+COUNTIFS(과년도모음!$B$405:$B$1024,AK$27,과년도모음!$E$405:$E$1024,"기타")
A41: =RANK(E41,$E$28:$E$48) | B41: 해체공사 | C41: =E41/$E$49 | D41: =E41/22 | E41: =SUM(F41:AK41) | F41: =COUNTIFS(과년도모음!$B$1:$B$1024,F$2,과년도모음!$E$1:$E$1024,"해체공사") | G41: =COUNTIFS(과년도모음!$B$1:$B$1024,G$2,과년도모음!$E$1:$E$1024,"해체공사") | H41: =COUNTIFS(과년도모음!$B$1:$B$1024,H$2,과년도모음!$E$1:$E$1024,"해체공사") | I41: =COUNTIFS(과년도모음!$B$1:$B$1024,I$2,과년도모음!$E$1:$E$1024,"해체공사") | J41: =COUNTIFS(과년도모음!$B$1:$B$1024,J$2,과년도모음!$E$1:$E$1024,"해체공사") | K41: =COUNTIFS(과년도모음!$B$1:$B$1024,K$2,과년도모음!$E$1:$E$1024,"해체공사") | L41: =COUNTIFS(과년도모음!$B$1:$B$1024,L$2,과년도모음!$E$1:$E$1024,"해체공사") | M41: =COUNTIFS(과년도모음!$B$1:$B$1024,M$2,과년도모음!$E$1:$E$1024,"해체공사") | N41: =COUNTIFS(과년도모음!$B$281:$B$1024,N$2,과년도모음!$E$281:$E$1024,"해체공사") | O41: =COUNTIFS(과년도모음!$B$312:$B$1024,O$2,과년도모음!$E$312:$E$1024,"해체공사") | P41: =COUNTIFS(과년도모음!$B$343:$B$1024,P$2,과년도모음!$E$343:$E$1024,"해체공사") | Q41: =COUNTIFS(과년도모음!$B$343:$B$1024,Q$2,과년도모음!$E$343:$E$1024,"해체공사") | R41: =COUNTIFS(과년도모음!$B$405:$B$1024,R$2,과년도모음!$E$405:$E$1024,"해체공사") | S41: =COUNTIFS(과년도모음!$B$405:$B$1024,S$2,과년도모음!$E$405:$E$1024,"해체공사") | T41: =COUNTIFS(과년도모음!$B$405:$B$1024,T$2,과년도모음!$E$405:$E$1024,"해체공사") | U41: =COUNTIFS(과년도모음!$B$405:$B$1024,U$2,과년도모음!$E$405:$E$1024,"해체공사") | V41: =COUNTIFS(과년도모음!$B$405:$B$1024,V$2,과년도모음!$E$405:$E$1024,"해체공사") | W41: =COUNTIFS(과년도모음!$B$405:$B$1024,W$2,과년도모음!$E$405:$E$1024,"해체공사") | X41: =COUNTIFS(과년도모음!$B$405:$B$1024,X$2,과년도모음!$E$405:$E$1024,"해체공사") | Y41: =COUNTIFS(과년도모음!$B$405:$B$1024,Y$2,과년도모음!$E$405:$E$1024,"해체공사") | ... AK41: =COUNTIFS(과년도모음!$B$405:$B$1024,AK$2,과년도모음!$E$405:$E$1024,"해체공사")
A42: =RANK(E42,$E$28:$E$48) | B42: 건축 | C42: =E42/$E$49 | D42: =E42/22 | E42: =SUM(F42:AK42) | F42: =COUNTIFS(과년도모음!$B$1:$B$1024,F$2,과년도모음!$E$1:$E$1024,"건축") | G42: =COUNTIFS(과년도모음!$B$1:$B$1024,G$2,과년도모음!$E$1:$E$1024,"건축") | H42: =COUNTIFS(과년도모음!$B$1:$B$1024,H$2,과년도모음!$E$1:$E$1024,"건축") | I42: =COUNTIFS(과년도모음!$B$1:$B$1024,I$2,과년도모음!$E$1:$E$1024,"건축") | J42: =COUNTIFS(과년도모음!$B$1:$B$1024,J$2,과년도모음!$E$1:$E$1024,"건축") | K42: =COUNTIFS(과년도모음!$B$1:$B$1024,K$2,과년도모음!$E$1:$E$1024,"건축") | L42: =COUNTIFS(과년도모음!$B$1:$B$1024,L$2,과년도모음!$E$1:$E$1024,"건축") | M42: =COUNTIFS(과년도모음!$B$1:$B$1024,M$2,과년도모음!$E$1:$E$1024,"건축") | N42: =COUNTIFS(과년도모음!$B$281:$B$1024,N$2,과년도모음!$E$281:$E$1024,"건축") | O42: =COUNTIFS(과년도모음!$B$312:$B$1024,O$2,과년도모음!$E$312:$E$1024,"건축") | P42: =COUNTIFS(과년도모음!$B$343:$B$1024,P$2,과년도모음!$E$343:$E$1024,"건축") | Q42: =COUNTIFS(과년도모음!$B$343:$B$1024,Q$2,과년도모음!$E$343:$E$1024,"건축") | R42: =COUNTIFS(과년도모음!$B$405:$B$1024,R$2,과년도모음!$E$405:$E$1024,"건축") | S42: =COUNTIFS(과년도모음!$B$405:$B$1024,S$2,과년도모음!$E$405:$E$1024,"건축") | T42: =COUNTIFS(과년도모음!$B$405:$B$1024,T$2,과년도모음!$E$405:$E$1024,"건축") | U42: =COUNTIFS(과년도모음!$B$405:$B$1024,U$2,과년도모음!$E$405:$E$1024,"건축") | V42: =COUNTIFS(과년도모음!$B$405:$B$1024,V$2,과년도모음!$E$405:$E$1024,"건축") | W42: =COUNTIFS(과년도모음!$B$405:$B$1024,W$2,과년도모음!$E$405:$E$1024,"건축") | X42: =COUNTIFS(과년도모음!$B$405:$B$1024,X$2,과년도모음!$E$405:$E$1024,"건축") | Y42: =COUNTIFS(과년도모음!$B$405:$B$1024,Y$2,과년도모음!$E$405:$E$1024,"건축") | ... AK42: =COUNTIFS(과년도모음!$B$405:$B$1024,AK$2,과년도모음!$E$405:$E$1024,"건축")
A43: =RANK(E43,$E$28:$E$48) | B43: 지진 | C43: =E43/$E$49 | D43: =E43/22 | E43: =SUM(F43:AK43) | F43: =COUNTIFS(과년도모음!$B$1:$B$1024,F$2,과년도모음!$E$1:$E$1024,"지진") | G43: =COUNTIFS(과년도모음!$B$1:$B$1024,G$2,과년도모음!$E$1:$E$1024,"지진") | H43: =COUNTIFS(과년도모음!$B$1:$B$1024,H$2,과년도모음!$E$1:$E$1024,"지진") | I43: =COUNTIFS(과년도모음!$B$1:$B$1024,I$2,과년도모음!$E$1:$E$1024,"지진") | J43: =COUNTIFS(과년도모음!$B$1:$B$1024,J$2,과년도모음!$E$1:$E$1024,"지진") | K43: =COUNTIFS(과년도모음!$B$1:$B$1024,K$2,과년도모음!$E$1:$E$1024,"지진") | L43: =COUNTIFS(과년도모음!$B$1:$B$1024,L$2,과년도모음!$E$1:$E$1024,"지진") | M43: =COUNTIFS(과년도모음!$B$1:$B$1024,M$2,과년도모음!$E$1:$E$1024,"지진") | N43: =COUNTIFS(과년도모음!$B$281:$B$1024,N$2,과년도모음!$E$281:$E$1024,"지진") | O43: =COUNTIFS(과년도모음!$B$312:$B$1024,O$2,과년도모음!$E$312:$E$1024,"지진") | P43: =COUNTIFS(과년도모음!$B$343:$B$1024,P$2,과년도모음!$E$343:$E$1024,"지진") | Q43: =COUNTIFS(과년도모음!$B$343:$B$1024,Q$2,과년도모음!$E$343:$E$1024,"지진") | R43: =COUNTIFS(과년도모음!$B$405:$B$1024,R$2,과년도모음!$E$405:$E$1024,"지진") | S43: =COUNTIFS(과년도모음!$B$405:$B$1024,S$2,과년도모음!$E$405:$E$1024,"지진") | T43: =COUNTIFS(과년도모음!$B$405:$B$1024,T$2,과년도모음!$E$405:$E$1024,"지진") | U43: =COUNTIFS(과년도모음!$B$405:$B$1024,U$2,과년도모음!$E$405:$E$1024,"지진") | V43: =COUNTIFS(과년도모음!$B$405:$B$1024,V$2,과년도모음!$E$405:$E$1024,"지진") | W43: =COUNTIFS(과년도모음!$B$405:$B$1024,W$2,과년도모음!$E$405:$E$1024,"지진") | X43: =COUNTIFS(과년도모음!$B$405:$B$1024,X$2,과년도모음!$E$405:$E$1024,"지진") | Y43: =COUNTIFS(과년도모음!$B$405:$B$1024,Y$2,과년도모음!$E$405:$E$1024,"지진") | ... AK43: =COUNTIFS(과년도모음!$B$405:$B$1024,AK$2,과년도모음!$E$405:$E$1024,"지진")
A44: =RANK(E44,$E$28:$E$48) | B44: 계절재해 | C44: =E44/$E$49 | D44: =E44/22 | E44: =SUM(F44:AK44) | F44: =COUNTIFS(과년도모음!$B$1:$B$1024,F$2,과년도모음!$E$1:$E$1024,"계절재해") | G44: =COUNTIFS(과년도모음!$B$1:$B$1024,G$2,과년도모음!$E$1:$E$1024,"계절재해") | H44: =COUNTIFS(과년도모음!$B$1:$B$1024,H$2,과년도모음!$E$1:$E$1024,"계절재해") | I44: =COUNTIFS(과년도모음!$B$1:$B$1024,I$2,과년도모음!$E$1:$E$1024,"계절재해") | J44: =COUNTIFS(과년도모음!$B$1:$B$1024,J$2,과년도모음!$E$1:$E$1024,"계절재해") | K44: =COUNTIFS(과년도모음!$B$1:$B$1024,K$2,과년도모음!$E$1:$E$1024,"계절재해") | L44: =COUNTIFS(과년도모음!$B$1:$B$1024,L$2,과년도모음!$E$1:$E$1024,"계절재해") | M44: =COUNTIFS(과년도모음!$B$1:$B$1024,M$2,과년도모음!$E$1:$E$1024,"계절재해") | N44: =COUNTIFS(과년도모음!$B$281:$B$1024,N$2,과년도모음!$E$281:$E$1024,"계절재해") | O44: =COUNTIFS(과년도모음!$B$312:$B$1024,O$2,과년도모음!$E$312:$E$1024,"계절재해") | P44: =COUNTIFS(과년도모음!$B$343:$B$1024,P$2,과년도모음!$E$343:$E$1024,"계절재해") | Q44: =COUNTIFS(과년도모음!$B$343:$B$1024,Q$2,과년도모음!$E$343:$E$1024,"계절재해") | R44: =COUNTIFS(과년도모음!$B$405:$B$1024,R$2,과년도모음!$E$405:$E$1024,"계절재해") | S44: =COUNTIFS(과년도모음!$B$405:$B$1024,S$2,과년도모음!$E$405:$E$1024,"계절재해") | T44: =COUNTIFS(과년도모음!$B$405:$B$1024,T$2,과년도모음!$E$405:$E$1024,"계절재해") | U44: =COUNTIFS(과년도모음!$B$405:$B$1024,U$2,과년도모음!$E$405:$E$1024,"계절재해") | V44: =COUNTIFS(과년도모음!$B$405:$B$1024,V$2,과년도모음!$E$405:$E$1024,"계절재해") | W44: =COUNTIFS(과년도모음!$B$405:$B$1024,W$2,과년도모음!$E$405:$E$1024,"계절재해") | X44: =COUNTIFS(과년도모음!$B$405:$B$1024,X$2,과년도모음!$E$405:$E$1024,"계절재해") | Y44: =COUNTIFS(과년도모음!$B$405:$B$1024,Y$2,과년도모음!$E$405:$E$1024,"계절재해") | ... AK44: =COUNTIFS(과년도모음!$B$405:$B$1024,AK$2,과년도모음!$E$405:$E$1024,"계절재해")
A45: =RANK(E45,$E$28:$E$48) | B45: 교량 | C45: =E45/$E$49 | D45: =E45/22 | E45: =SUM(F45:AK45) | F45: =COUNTIFS(과년도모음!$B$1:$B$1024,F$2,과년도모음!$E$1:$E$1024,"교량") | G45: =COUNTIFS(과년도모음!$B$1:$B$1024,G$2,과년도모음!$E$1:$E$1024,"교량") | H45: =COUNTIFS(과년도모음!$B$1:$B$1024,H$2,과년도모음!$E$1:$E$1024,"교량") | I45: =COUNTIFS(과년도모음!$B$1:$B$1024,I$2,과년도모음!$E$1:$E$1024,"교량") | J45: =COUNTIFS(과년도모음!$B$1:$B$1024,J$2,과년도모음!$E$1:$E$1024,"교량") | K45: =COUNTIFS(과년도모음!$B$1:$B$1024,K$2,과년도모음!$E$1:$E$1024,"교량") | L45: =COUNTIFS(과년도모음!$B$1:$B$1024,L$2,과년도모음!$E$1:$E$1024,"교량") | M45: =COUNTIFS(과년도모음!$B$1:$B$1024,M$2,과년도모음!$E$1:$E$1024,"교량") | N45: =COUNTIFS(과년도모음!$B$281:$B$1024,N$2,과년도모음!$E$281:$E$1024,"교량") | O45: =COUNTIFS(과년도모음!$B$312:$B$1024,O$2,과년도모음!$E$312:$E$1024,"교량") | P45: =COUNTIFS(과년도모음!$B$343:$B$1024,P$2,과년도모음!$E$343:$E$1024,"교량") | Q45: =COUNTIFS(과년도모음!$B$343:$B$1024,Q$2,과년도모음!$E$343:$E$1024,"교량") | R45: =COUNTIFS(과년도모음!$B$405:$B$1024,R$2,과년도모음!$E$405:$E$1024,"교량") | S45: =COUNTIFS(과년도모음!$B$405:$B$1024,S$2,과년도모음!$E$405:$E$1024,"교량") | T45: =COUNTIFS(과년도모음!$B$405:$B$1024,T$2,과년도모음!$E$405:$E$1024,"교량") | U45: =COUNTIFS(과년도모음!$B$405:$B$1024,U$2,과년도모음!$E$405:$E$1024,"교량") | V45: =COUNTIFS(과년도모음!$B$405:$B$1024,V$2,과년도모음!$E$405:$E$1024,"교량") | W45: =COUNTIFS(과년도모음!$B$405:$B$1024,W$2,과년도모음!$E$405:$E$1024,"교량") | X45: =COUNTIFS(과년도모음!$B$405:$B$1024,X$2,과년도모음!$E$405:$E$1024,"교량") | Y45: =COUNTIFS(과년도모음!$B$405:$B$1024,Y$2,과년도모음!$E$405:$E$1024,"교량") | ... AK45: =COUNTIFS(과년도모음!$B$405:$B$1024,AK$2,과년도모음!$E$405:$E$1024,"교량")
A46: =RANK(E46,$E$28:$E$48) | B46: 시사이슈 | C46: =E46/$E$49 | D46: =E46/22 | E46: =SUM(F46:AK46) | F46: =COUNTIFS(과년도모음!$B$1:$B$1024,F$2,과년도모음!$E$1:$E$1024,"시사 이슈 문제") | G46: =COUNTIFS(과년도모음!$B$1:$B$1024,G$2,과년도모음!$E$1:$E$1024,"시사 이슈 문제") | H46: =COUNTIFS(과년도모음!$B$1:$B$1024,H$2,과년도모음!$E$1:$E$1024,"시사 이슈 문제") | I46: =COUNTIFS(과년도모음!$B$1:$B$1024,I$2,과년도모음!$E$1:$E$1024,"시사 이슈 문제") | J46: =COUNTIFS(과년도모음!$B$1:$B$1024,J$2,과년도모음!$E$1:$E$1024,"시사 이슈 문제") | K46: =COUNTIFS(과년도모음!$B$1:$B$1024,K$2,과년도모음!$E$1:$E$1024,"시사 이슈 문제") | L46: =COUNTIFS(과년도모음!$B$1:$B$1024,L$2,과년도모음!$E$1:$E$1024,"시사 이슈 문제") | M46: =COUNTIFS(과년도모음!$B$1:$B$1024,M$2,과년도모음!$E$1:$E$1024,"시사 이슈 문제") | N46: =COUNTIFS(과년도모음!$B$281:$B$1024,N$2,과년도모음!$E$281:$E$1024,"시사 이슈 문제") | O46: =COUNTIFS(과년도모음!$B$312:$B$1024,O$2,과년도모음!$E$312:$E$1024,"시사 이슈 문제") | P46: =COUNTIFS(과년도모음!$B$343:$B$1024,P$2,과년도모음!$E$343:$E$1024,"시사 이슈 문제") | Q46: =COUNTIFS(과년도모음!$B$343:$B$1024,Q$2,과년도모음!$E$343:$E$1024,"시사 이슈 문제") | R46: =COUNTIFS(과년도모음!$B$405:$B$1024,R$2,과년도모음!$E$405:$E$1024,"시사 이슈 문제") | S46: =COUNTIFS(과년도모음!$B$405:$B$1024,S$2,과년도모음!$E$405:$E$1024,"시사 이슈 문제") | T46: =COUNTIFS(과년도모음!$B$405:$B$1024,T$2,과년도모음!$E$405:$E$1024,"시사 이슈 문제") | U46: =COUNTIFS(과년도모음!$B$405:$B$1024,U$2,과년도모음!$E$405:$E$1024,"시사 이슈 문제") | V46: =COUNTIFS(과년도모음!$B$405:$B$1024,V$2,과년도모음!$E$405:$E$1024,"시사 이슈 문제") | W46: =COUNTIFS(과년도모음!$B$405:$B$1024,W$2,과년도모음!$E$405:$E$1024,"시사 이슈 문제") | X46: =COUNTIFS(과년도모음!$B$405:$B$1024,X$2,과년도모음!$E$405:$E$1024,"시사 이슈 문제") | Y46: =COUNTIFS(과년도모음!$B$405:$B$1024,Y$2,과년도모음!$E$405:$E$1024,"시사 이슈 문제") | ... AK46: =COUNTIFS(과년도모음!$B$405:$B$1024,AK$2,과년도모음!$E$405:$E$1024,"시사 이슈 문제")
A47: =RANK(E47,$E$28:$E$48) | B47: 지특법 | C47: =E47/$E$49 | D47: =E47/22 | E47: =SUM(F47:AK47) | F47: =COUNTIFS(과년도모음!$B$1:$B$1024,F$2,과년도모음!$E$1:$E$1024,"지특법") | G47: =COUNTIFS(과년도모음!$B$1:$B$1024,G$2,과년도모음!$E$1:$E$1024,"지특법") | H47: =COUNTIFS(과년도모음!$B$1:$B$1024,H$2,과년도모음!$E$1:$E$1024,"지특법") | I47: =COUNTIFS(과년도모음!$B$1:$B$1024,I$2,과년도모음!$E$1:$E$1024,"지특법") | J47: =COUNTIFS(과년도모음!$B$1:$B$1024,J$2,과년도모음!$E$1:$E$1024,"지특법") | K47: =COUNTIFS(과년도모음!$B$1:$B$1024,K$2,과년도모음!$E$1:$E$1024,"지특법") | L47: =COUNTIFS(과년도모음!$B$1:$B$1024,L$2,과년도모음!$E$1:$E$1024,"지특법") | M47: =COUNTIFS(과년도모음!$B$1:$B$1024,M$2,과년도모음!$E$1:$E$1024,"지특법") | N47: =COUNTIFS(과년도모음!$B$281:$B$1024,N$2,과년도모음!$E$281:$E$1024,"지특법") | O47: =COUNTIFS(과년도모음!$B$312:$B$1024,O$2,과년도모음!$E$312:$E$1024,"지특법") | P47: =COUNTIFS(과년도모음!$B$343:$B$1024,P$2,과년도모음!$E$343:$E$1024,"지특법") | Q47: =COUNTIFS(과년도모음!$B$343:$B$1024,Q$2,과년도모음!$E$343:$E$1024,"지특법") | R47: =COUNTIFS(과년도모음!$B$405:$B$1024,R$2,과년도모음!$E$405:$E$1024,"지특법") | S47: =COUNTIFS(과년도모음!$B$405:$B$1024,S$2,과년도모음!$E$405:$E$1024,"지특법") | T47: =COUNTIFS(과년도모음!$B$405:$B$1024,T$2,과년도모음!$E$405:$E$1024,"지특법") | U47: =COUNTIFS(과년도모음!$B$405:$B$1024,U$2,과년도모음!$E$405:$E$1024,"지특법") | V47: =COUNTIFS(과년도모음!$B$405:$B$1024,V$2,과년도모음!$E$405:$E$1024,"지특법") | W47: =COUNTIFS(과년도모음!$B$405:$B$1024,W$2,과년도모음!$E$405:$E$1024,"지특법") | X47: =COUNTIFS(과년도모음!$B$405:$B$1024,X$2,과년도모음!$E$405:$E$1024,"지특법") | Y47: =COUNTIFS(과년도모음!$B$405:$B$1024,Y$2,과년도모음!$E$405:$E$1024,"지특법") | ... AK47: =COUNTIFS(과년도모음!$B$405:$B$1024,AK$2,과년도모음!$E$405:$E$1024,"지특법")
A48: =RANK(E48,$E$28:$E$48) | B48: 중대재해처벌법 | C48: =E48/$E$49 | D48: =E48/22 | E48: =SUM(F48:AK48) | F48: =COUNTIFS(과년도모음!$B$1:$B$1024,F$2,과년도모음!$E$1:$E$1024,"중대재해처벌법") | G48: =COUNTIFS(과년도모음!$B$1:$B$1024,G$2,과년도모음!$E$1:$E$1024,"중대재해처벌법") | H48: =COUNTIFS(과년도모음!$B$1:$B$1024,H$2,과년도모음!$E$1:$E$1024,"중대재해처벌법") | I48: =COUNTIFS(과년도모음!$B$1:$B$1024,I$2,과년도모음!$E$1:$E$1024,"중대재해처벌법") | J48: =COUNTIFS(과년도모음!$B$1:$B$1024,J$2,과년도모음!$E$1:$E$1024,"중대재해처벌법") | K48: =COUNTIFS(과년도모음!$B$1:$B$1024,K$2,과년도모음!$E$1:$E$1024,"중대재해처벌법") | L48: =COUNTIFS(과년도모음!$B$1:$B$1024,L$2,과년도모음!$E$1:$E$1024,"중대재해처벌법") | M48: =COUNTIFS(과년도모음!$B$1:$B$1024,M$2,과년도모음!$E$1:$E$1024,"중대재해처벌법") | N48: =COUNTIFS(과년도모음!$B$281:$B$1024,N$2,과년도모음!$E$281:$E$1024,"중대재해처벌법") | O48: =COUNTIFS(과년도모음!$B$312:$B$1024,O$2,과년도모음!$E$312:$E$1024,"중대재해처벌법") | P48: =COUNTIFS(과년도모음!$B$343:$B$1024,P$2,과년도모음!$E$343:$E$1024,"중대재해처벌법") | Q48: =COUNTIFS(과년도모음!$B$343:$B$1024,Q$2,과년도모음!$E$343:$E$1024,"중대재해처벌법")
B49: 합계 | E49: =SUM(E28:E48) | F49: =SUM(F28:F48) | G49: =SUM(G28:G48) | H49: =SUM(H28:H48) | I49: =SUM(I28:I48) | J49: =SUM(J28:J48) | K49: =SUM(K28:K48) | L49: =SUM(L28:L48) | ... AK49: =SUM(AK28:AK48)

Sheet 과년도모음
A1: 구분 | B1: 회차 | C1: 교시 | D1: 번호 | E1: cat1 | F1: cat2 | G1: 문제
B2: 138 | C2: 1 | D2: 1 | E2: 산안법 | F2: 보호구 | G2: 1. 보호구의 정의 및 구비 조건
B3: 138 | C3: 1 | D3: 2 | E3: 안전관리론 | F3: 제임스리즌 불안전행동 | G3: 2. 제임스 리즌(James Reason)의 불안전 행동 유형 4가지
B4: 138 | C4: 1 | D4: 3 | E4: 산안법 | F4: 안전관리자 선임기준 | G4: 3. 「산업안전보건법」상 건설업에서의 공사금액별 안전관리자 선임 기준 및 업무
B5: 138 | C5: 1 | D5: 4 | E5: 토공 | F5: 표준관입시험 | G5: 4. 표준관입시험(SPT, Standard Penetration Test)
B6: 138 | C6: 1 | D6: 5 | E6: 기초 | F6: 잠함 굴착 준수사항 | G6: 5. 「산업안전보건기준에 관한 규칙」상 잠함 등 내부에서의 굴착 작업 시 준수사항
B7: 138 | C7: 1 | D7: 6 | E7: 건설기계 | F7: 와이어로프 | G7: 6. 와이어로프의 안전하중, 안전계수, 장력계수
B8: 138 | C8: 1 | D8: 7 | E8: 안전관리론 | F8: TBM | G8: 7. TBM(Tool Box Meeting)
B9: 138 | C9: 1 | D9: 8 | E9: 안전관리론 | F9: ECRS 원칙 | G9: 8. 작업환경 개선을 위한 ECRS(Eliminate, Combine, Rearrange, Simplify) 원칙
B10: 138 | C10: 1 | D10: 9 | E10: 콘크리트 | F10: 거푸집_갱폼 | G10: 9. 「산업안전보건기준에 관한 규칙」상 갱폼의 조립·이동·양중·해체 작업을 하는 경우 준수사항
B11: 138 | C11: 1 | D11: 10 | E11: 해체공사 | F11: 해체작업 공해저감 | G11: 10. 건설공사에서 해체 작업 시 공해 저감 대책
B12: 138 | C12: 1 | D12: 11 | E12: 가설공사 | F12: 이동식비계 | G12: 11. 「산업안전보건기준에 관한 규칙」상 이동식 비계를 조립하여 작업하는 경우 준수사항
B13: 138 | C13: 1 | D13: 12 | E13: 산안법 | F13: 설계안전보건대장 DFS | G13: 12. 설계안전보건대장과 설계안전성검토(DFS, Design for Safety)
... B339: 128 | C339: 4 | D339: 3 | E339: 중대재해처벌법 | F339: 사업주와 경영책임자의 안전보건의무 | G339: 산업안전보건법과 중대재해처벌법의 목적을 설명하고, 중대재해처벌법의 사업주와 경영책임자 등의 안전 및 보건 확보의무 주요 4가지 사항에 대하여 설명하시오.
B340: 128 | C340: 4 | D340: 4 | E340: 가설공사 | G340: 시스템비계 설치 및 해체공사 시 안전사항에 대하여 설명하시오.
B341: 128 | C341: 4 | D341: 5 | E341: 건설기계 | F341: 굴착기 | G341: 건설현장의 굴착기 작업 시 재해유형별 안전대책과 인양작업이 가능한 굴착기의 충족 조건에 대하여 설명하시오.
B342: 128 | C342: 4 | D342: 6 | E342: 토공 | F342: 사면안정 | G342: 사면붕괴의 종류와 형태 및 원인을 설명하고 사면의 불안정 조사방법과 안정 검토 방법 및 사면의 안정대책에 대하여 설명하시오.
B343: 127 | C343: 1 | D343: 1 | E343: 가설공사 | F343: 가설계단 | G343: 1. 가설계단의 설치기준
B344: 127 | C344: 1 | D344: 2 | E344: 콘크리트 | F344: 물-결합재비 | G344: 2. 콘크리트의 물-결합재비(water_-binder ratio)
B345: 127 | C345: 1 | D345: 3 | E345: 건진법 | F345: DFS | G345: 3. 건설공사 시 설계안전성검토 절차
B346: 127 | C346: 1 | D346: 4 | E346: 중대재해처벌법 | F346: 중대산업재해 | G346: 4. 중대산업재해 및 중대시민재해
B347: 127 | C347: 1 | D347: 5 | E347: 재해유형 | F347: 밀폐공간 | G347: 5. 밀폐공간 작업 시 사전 준비 사항
B348: 127 | C348: 1 | D348: 6 | E348: 재해유형 | F348: 지붕 채광창 | G348: 6. 지붕 채광창 안전덮개 제작기준
B349: 127 | C349: 1 | D349: 7 | E349: 가설공사 | F349: 달비계 | G349: 7. 작업의자형 달비계 작업 시 안전대책 | N349: 토공
B350: 127 | C350: 1 | D350: 8 | E350: 산안법 | F350: 안전인증 | G350: 8. 안전인증대상 기계 및 보호구의 종류 | N350: 가설공사
B351: 127 | C351: 1 | D351: 9 | E351: 산안법 | F351: 산업재해 보고체계 | G351: 9. 산업안전보건법상 산업재해 발생시 보고체계 | N351: 강재
B352: 127 | C352: 1 | D352: 10 | E352: 기초 | F352: 지반파괴형태 | G352: 10. 얕은 기초의 하중-침하 거동 및 지반의 파괴형태 | N352: 건설기계
B353: 127 | C353: 1 | D353: 11 | E353: 건설기계 | F353: 건설기계안전교육 | G353: 11. 건설기계관리법상 건설기계안전교육 대상과 주요내용 | N353: 건진법
B354: 127 | C354: 1 | D354: 12 | E354: 콘크리트 | F354: 측압 | G354: 12. 거푸집 측면에서 작용하는 콘크리트 타설시 측압 결정 방법 | N354: 건축
B355: 127 | C355: 1 | D355: 13 | E355: 건설기계 | F355: 항타 항발기 | G355: 13. 항타. 항발기 사용현장의 사전조사 및 작업계획서 내용 | N355: 계절재해
B356: 127 | C356: 2 | D356: 1 | E356: 가설공사 | F356: 풍압 | G356: 1. 풍압이 가설구조물에 미치는 영향과 안전대책에 대하여 설명하시오 | N356: 기초
B357: 127 | C357: 2 | D357: 2 | E357: 계절재해 | F357: 미세먼지 | G357: 2. 미세먼지가 건설현장에 미치는 영향과 안전대책 그리고 예보등급을 설명하시오 | N357: 산안법
B358: 127 | C358: 2 | D358: 3 | E358: 산안법 | F358: 안전보건개선계획 수립대상 | G358: 3. 안전보건개선계획 수립대상과 진단보고서에 포함될 내용을 설명하시오 | N358: 시설물안전법
B359: 127 | C359: 2 | D359: 4 | E359: 안전관리론 | F359: 부주의 사고빈발자 | G359: 4. 건설현장의 근로자 중에 주의력 있는 근로자와 부주의한 현상을 보이는 근로자가 있다. 부주의한 근로자의 사고를 예방할수 있는 안전대책에 대하여 설명하시오 | N359: 중대재해처벌법
B360: 127 | C360: 2 | D360: 5 | E360: 건설기계 | F360: 양중기 방호장치 | G360: 5. 양중기의 방호장치 종류 및 방호장치가 정상적으로 유지될 수 있도록 작업시작 전 점검사항에 대하여 설명하시오 | N360: 지특법
... B372: 127 | C372: 4 | D372: 5 | E372: 건설기계 | F372: 리프트 | G372: 5. 건설작업용 리프트의 조립 해체 작업 및 운행에 따른 위험성 평가 시 사고유형과 안전대책에 대하여 설명하시오 | N372: 터널
B373: 127 | C373: 4 | D373: 6 | E373: 건진법 | F373: 안전점검 | G373: 6. 건설기술진흥법 및 시설물의 안전 및 유지관리에 관한 특별법에서 정의하는 안전점섬의 목적, 종류, 점검시기 및 내용에 대하여 설명하시오
B374: 126 | C374: 1 | D374: 1 | E374: 기초 | F374: 흙막이 | G374: 1. 흙막이 지보공을 설치했을 때 정기적으로 점검해야 할 사항
B375: 126 | C375: 1 | D375: 2 | E375: 기초 | F375: 토압 | G375: 2. 주동토압, 수동토압, 정지토압
B376: 126 | C376: 1 | D376: 3 | E376: 콘크리트 | F376: 연성파괴 취성파괴 | G376: 3. 콘크리트 구조물의 연성파괴와 취성파괴
B377: 126 | C377: 1 | D377: 4 | E377: 안전관리론 | F377: 안전심리학 | G377: 4. 산업안전심리학에서 인간, 환경, 조직특성에 따른 사고요인
B378: 126 | C378: 1 | D378: 5 | E378: 안전관리론 | F378: 안전관리이론_하인리히 버드 | G378: 5. 하인리히와 버드의 사고 연쇄성 이론 5단계와 재해발생비율
B379: 126 | C379: 1 | D379: 6 | E379: 건설기계 | F379: 타워크레인 | G379: 6. 타워크레인을 자립고이상의 높이로 설치할 경우 지지 방법과 준수사항
B380: 126 | C380: 1 | D380: 7 | E380: 기초 | F380: 굴착공사 | G380: 7. 지반 등을 굴착하는 경우 굴착면의 기울기
B381: 126 | C381: 1 | D381: 8 | E381: 콘크리트 | F381: 양생 | G381: 8. 콘크리트 온도제어 양생
B382: 126 | C382: 1 | D382: 9 | E382: 터널 | F382: 제어발파 | G382: 9. 터널 제어발파
B383: 126 | C383: 1 | D383: 10 | E383: 기초 | F383: 언더피닝 | G383: 10. 언더피닝(Under pinning)공법의 종류별 특성
B384: 126 | C384: 1 | D384: 11 | E384: 시설물안전법 | F384: 안전진단 | G384: 11. 시설물의 안전진단을 실시해야 하는 중대한 결함
... B401: 126 | C401: 4 | D401: 3 | E401: 지특법 | F401: 지하안전평가 | G401: 3. 지하인전관리에 관한 특별법 시행규칙상 지하시설물관리자가 안전점검을 실시하려야 하는 지하시설물의 종류를 기술하고, 안전점검의 실시시기 및 방법과 안전점검 결과에 포함되어야 할 내용에 다하여 설명하시오
B402: 126 | C402: 4 | D402: 4 | E402: 해체공사 | G402: 4. 노후화된 구조물 해체공사 시 사전조사항목과 안전대책에 대하여 설명하시오
B403: 126 | C403: 4 | D403: 5 | E403: 재해유형 | F403: 전기용접 | G403: 5. 건설현장에서 전기용접 작업시 재해유형과 안전대책에 대하여 설명하시오
B404: 126 | C404: 4 | D404: 6 | E404: 터널 | F404: 사전조사 및 작업계획서 | G404: 6. 터널 굴착공법의 사전조사 사항 및 굴착공법의 종류를 설명하고, 터널시공 유형과 안전관리 대책에 대하여 설명하시오
A405: 1 | B405: 125 | C405: 1 | D405: 1 | E405: 토공 | F405: 연약지반 | G405: 지반 개량 공법의 종류
A406: 2 | B406: 125 | C406: 1 | D406: 2 | E406: 산안법 | F406: 공정안전보고서 | G406: 사전작업허가제(PTW : Permit To Work)
A407: 3 | B407: 125 | C407: 1 | D407: 3 | E407: 토공 | F407: 사면안정 | G407: 토석붕괴의 외적원인 및 내적원인
A408: 4 | B408: 125 | C408: 1 | D408: 4 | E408: 가설공사 | F408: 개구부 수평보호덮개 | G408: 개구부 방호조치
A409: 5 | B409: 125 | C409: 1 | D409: 5 | E409: 가설공사 | F409: 사다리 | G409: 이동식 사다리의 사용기준
A410: 6 | B410: 125 | C410: 1 | D410: 6 | E410: 건설기계 | F410: 지게차 | G410: 지게차작업 시 재해예방 안전조치
A411: 7 | B411: 125 | C411: 1 | D411: 7 | E411: 건설기계 | F411: 고장곡선 | G411: 기계설비의 고장곡선
A412: 8 | B412: 125 | C412: 1 | D412: 8 | E412: 건설기계 | F412: 곤돌라 | G412: 곤돌라 안전장치의 종류
A413: 9 | B413: 125 | C413: 1 | D413: 9 | E413: 가설공사 | F413: 추락방호망 | G413: 추락방호망
A414: 10 | B414: 125 | C414: 1 | D414: 10 | E414: 계절재해 | F414: 폭염 | G414: 열사병 예방 3대 기본수칙 및 응급상황 시 대응방법
A415: 11 | B415: 125 | C415: 1 | D415: 11 | E415: 산안법 | F415: 안전보건대장 | G415: 건설공사 발주자의 산업재해예방 조치
A416: 12 | B416: 125 | C416: 1 | D416: 12 | E416: 안전관리론 | F416: 시스템안전 | G416: Fail safe 와 Fool proof
... A424: 20 | B424: 125 | C424: 3 | D424: 1 | E424: 산안법 | F424: 안전보건교육 | G424: 「산업안전보건법령」상 안전교육의 종류를 열거하고, 아파트 리모델링 공사 중 특별 안전교육 대상작업의 종류 및 교육내용에 대하여 설명하시오
A425: 21 | B425: 125 | C425: 3 | D425: 2 | E425: 해체공사 | G425: 도심지 공사에서 구조물 해체 시 사전조사 사항과 안전사고 유형 및 안전관리 방안에 대하여 설명하시오
A426: 22 | B426: 125 | C426: 3 | D426: 3 | E426: 콘크리트 | F426: 거푸집_데크플레이트 | G426: 데크 플레이트(Deck Plate) 공사 단계별 시공 시 유의사항과 안전사고 유형 및 안전관리 방안에 대하여 설명하시오.
A427: 23 | B427: 125 | C427: 3 | D427: 4 | E427: 산안법 | F427: 작업환경_소음 | G427: 「산업안전보건기준에 관한 규칙」상 건설공사에서 소음작업, 강렬한 소음작업, 충격 소음작업에 대한 소음기준을 작성하고, 그에 따른 안전관리 기준에 대하여 설명하시오
A428: 24 | B428: 125 | C428: 3 | D428: 5 | E428: 안전관리론 | F428: 인간공학 | G428: 휴먼에러(Human Error)의 분류에 대하여 작성하고, 공사 계획단계부터 사용 및 유지 관리 단계에 이르기까지 각 단계별로 발생될 수 있는 휴먼에러에 대하여 설명하시오
A429: 25 | B429: 125 | C429: 3 | D429: 6 | E429: 산안법 | F429: 중대재해 | G429: 중대재해 발생 시「산업안전보건법령」에서 규정하고 있는 사업주의 조치 사항과 고용노동부 장관의 작업중지 조치 기준 및 중대재해 원인조사 내용에 대하여 설명하시오
A430: 26 | B430: 125 | C430: 4 | D430: 1 | E430: 건축 | F430: 무량판슬래브 | G430: 무량판 슬래브와 철근 콘크리트 슬래브를 비교 설명하고, 무량판 슬래브 시공 시 안전성 확보 방안에 대하여 설명하시오.
A431: 27 | B431: 125 | C431: 4 | D431: 2 | E431: 가설공사 | F431: 시스템 동바리 | G431: 시스템 동바리 설치 시 주의사항과 안전사고 발생원인 및 안전관리 방안에 대하여 설명하시오
A432: 28 | B432: 125 | C432: 4 | D432: 3 | E432: 건설기계 | F432: 고소작업대 | G432: 건설현장에서 사용되는 고소작업대(차량탑재형)의 구성요소와 안전작업 절차 및 작업 중 준수사항에 대하여 설명하시오
A433: 29 | B433: 125 | C433: 4 | D433: 4 | E433: 산안법 | F433: KOSHA-MS | G433: 건설업 KOSHA-MS 관련 종합건설업체 본사분야의 “리더십과 근로자의 참여” 인증 항목 중 리더십과 의지표명, 근로자의 참여 및 협의 항목의 인증기준에 대하여 설명하시오.
A434: 30 | B434: 125 | C434: 4 | D434: 5 | E434: 시설물안전법 | F434: 3종 시설물 | G434: 제3종 시설물의 정기안전점검 계획수립 시 고려하여야 할 사항과 정기안전점검 시 점검항목 및 점검방법에 대하여 설명하시오
A435: 31 | B435: 125 | C435: 4 | D435: 6 | E435: 콘크리트 | F435: 철근 거푸집 콘크리트 | G435: 철근콘크리트 공사 단계별 시공 시 유의사항과 안전관리 방안에 대하여 설명하시오
A436: 32 | B436: 124 | C436: 1 | D436: 1 | E436: 안전관리론 | F436: 안전교육 | G436: 헤르만 에빙하우스의 망각곡선
A437: 33 | B437: 124 | C437: 1 | D437: 2 | E437: 건진법 | F437: 스마트 안전장비 | G437: 스마트 추락방지대
... A459: 55 | B459: 124 | C459: 3 | D459: 5 | E459: 토공 | F459: 사면안정 | G459: 도로공사시 사면 붕괴 형태 , 붕괴원인 및 사면 안정공법에 대하여 설명하시오
A460: 56 | B460: 124 | C460: 3 | D460: 6 | E460: 해체공사 | G460: 압쇄장비를 이용한 해체공사시 사전검토사항과 해체시공계획서에 포함사항 및 해체시 안전관리 사항에 대하여 설명하시오
A461: 57 | B461: 124 | C461: 4 | D461: 1 | E461: 재해유형 | F461: 화재 | G461: 건설공사장 화재발생유형과 화재예방대책, 화재발생시 대피요령에 대하여 설명하시오
A462: 58 | B462: 124 | C462: 4 | D462: 2 | E462: 기초 | F462: 흙막이 | G462: 운행중인 도시철도와 근접하여 건축물 신축 시 흙막이공사의 계측관리계획과 관리기준 초과시 안전대책에 대하여 설명하시오
A463: 59 | B463: 124 | C463: 4 | D463: 3 | E463: 건설기계 | F463: 타워크레인 | G463: 타워크레인 재해유형 및 구성 부위별 안전검토사항과 조립해체시 유의사항에 대하여 설명하시오
A464: 60 | B464: 124 | C464: 4 | D464: 4 | E464: 강재 | F464: 용접 및 용단 | G464: 강구조물의 용접결함의 종류를 설명하고, 이를 확인하기 위한 비파괴검사 방법 및 용접시 안전대책에 대하여 설명하시오
A465: 61 | B465: 124 | C465: 4 | D465: 5 | E465: 시설물안전법 | F465: 안전점검 | G465: 공용중인 철근콘크리트 교량의 안전점검 및 정밀안전진단주기와 중대결함의 종류 보수보강시 작업자 안전대책에 대하여 설명하시오
A466: 62 | B466: 124 | C466: 4 | D466: 6 | E466: 가설공사 | F466: 강관비계 | G466: 강관비계의 설치기준과 조립해체시 안전대책에 대하여 대하여 설명하시오
A467: 63 | B467: 123 | C467: 1 | D467: 1 | E467: 건설기계 | F467: 항타기 항발기 | G467: 항타기 및 항발기 사용시 안전조치사항
A468: 64 | B468: 123 | C468: 1 | D468: 2 | E468: 산안법 | F468: 물질안전보건자료 | G468: 물질안전보건자료
A469: 65 | B469: 123 | C469: 1 | D469: 3 | E469: 산안법 | F469: 산업재해건수 공표 | G469: 산업안전보건법령상 산업재해 발생건수 등 공표대상
A470: 66 | B470: 123 | C470: 1 | D470: 4 | E470: 건진법 | F470: DFS | G470: DFS(Design For Safety)
A471: 67 | B471: 123 | C471: 1 | D471: 5 | E471: 콘크리트 | F471: 비파괴시험 종류 방법 | G471: 콘크리트의 비파괴 시험
A472: 68 | B472: 123 | C472: 1 | D472: 6 | E472: 안전관리론 | F472: 무재해운동 | G472: 무재해운동 세부추진기법 중 5C 운동
... A484: 80 | B484: 123 | C484: 2 | D484: 5 | E484: 가설공사 | F484: 시스템 동바리 | G484: 가설공사 중 시스템 동바리의 설치 및 해체시 준수사항에 대하여 설명하시오
A485: 81 | B485: 123 | C485: 2 | D485: 6 | E485: 해체공사 | G485: 구조물의 해체공사를 위한 공법의 종류 및 작업상의 안전대책에 대하여 설명하시오
A486: 82 | B486: 123 | C486: 3 | D486: 1 | E486: 산안법 | F486: 화재감시자 | G486: 건설현장에서 화재감시자 배치기준과 화재위험작업시 준수사항에 대하여 설명하시오
A487: 83 | B487: 123 | C487: 3 | D487: 2 | E487: 토공 | F487: 사면안정 | G487: 절토사면의 낙석대책을 위한 보강공법과 방호공법의 종류 및 특징에 대하여 설명하시오
A488: 84 | B488: 123 | C488: 3 | D488: 3 | E488: 산안법 | F488: 안전보건교육 | G488: 건설현장 근로자에게 실시하여 할 안전보건교육의 종류 및 교육내용에 대하여 설명하시오
A489: 85 | B489: 123 | C489: 3 | D489: 4 | E489: 안전관리론 | F489: 안전심리_RMR | G489: 인간의 작업강도에 따른 에너지 대사율(RMR)을 구분하고, 작업 중 부주의에 대하여 설명하시오
A490: 86 | B490: 123 | C490: 3 | D490: 5 | E490: 건설기계 | F490: 타워크레인 | G490: 건설 공사용 타워크레인의 종류별 특징과 기초방식에 따른 전도방지대책에 대하여 설명하시오
A491: 87 | B491: 123 | C491: 3 | D491: 6 | E491: 기초 | F491: 흙막이 | G491: 건설현장의 지하굴착공사 시 흙막이 가시설공법의 특징(H-Pile+토류판, 어스앵커공법)시공단계별 사고유형 및 안전대책에 대하여 기술하시오
...
